smiles,D_smiles,A_smiles,D_HOMO,D_LUMO,A_HOMO,A_LUMO,D_A_H,D_A_L,initial,ground,change,overlap,distance,3d_overlap,3d_distance,3d_HOMO(a.u.),3d_LUMO(a.u.),3d_HOMO,3d_LUMO,HOMO,LUMO,AIE
C(=C/C1=CC=C(N(C2=CC=CC=C2)C2=CC=CC=C2)C=C1)\C1=C\N=C2\C=CC=C\C2=N/1,C1(N(C2=CC=CC=C2)C3=CC=CC=C3)=CC=CC=C1,C12=NC=CN=C1C=CC=C2,-4.956011553,-0.323543498,-6.706520658,-1.939084079,1.750509105,1.615540581,531,543,12,0.543265153,5.993857,0.618938227,4.904724,-0.179204,-0.072307,-4.876391726,-1.9675747,-4.993346323,-2.051630714,0
N1(CC)C2=CC=CC=C2SC2=CC(/C=C/C3=C/N=C4/C=CC=C\C4=N/3)=CC=C12,CCN1C2=CC=CC=C2SC3=CC=CC=C13,C12=NC=CN=C1C=CC=C2,-4.866213947,-0.417694929,-6.706520658,-1.939084079,1.840306711,1.52138915,549,602,53,0.48704597,6.277838,0.557071122,5.246555,-0.17234,-0.071209,-4.689612676,-1.937696583,-4.932283941,-2.07993057,0
N#C-C(=C(C1=CC=CC=C1)C1=CC=CC=C1)C1=CC=C(N(C2=CC=CC=C2)C2=CC=CC=C2)C=C1,C1(NC2=CC=CC=C2)=CC=CC=C1,N#C/C(C1=CC=CC=C1)=C(C2=CC=CC=C2)\C3=CC=CC=C3,-5.099687724,-0.141499259,-5.93426124,-1.909967885,0.834573515,1.768468626,500,551,51,0.504945333,5.078999,0.677693481,3.741603,-0.176151,-0.082893,-4.793315321,-2.25563458,-5.033020544,-1.842511105,1
N#C-C(=C(C1=CC=CC=C1)C1=CC=CC=C1)C1=CC=C(N(C2=CC=CC=C2)C2=CC=C(C)C=C2)C=C1,CC(C=C1)=CC=C1NC2=CC=CC=C2,N#C/C(C1=CC=CC=C1)=C(C2=CC=CC=C2)\C3=CC=CC=C3,-4.992746938,-0.0838111,-5.93426124,-1.909967885,0.941514302,1.826156786,503,549,46,0.496150359,5.176109,0.664734933,3.916193,-0.173983,-0.082079,-4.734321006,-2.233484501,-4.965808386,-1.816633064,1
N(/C1=C/C=C\C2=CC=CC=C12)(C1=CC=C(C(-C#N)=C(C2=CC=CC=C2)C2=CC=CC=C2)C=C1)C1=CC=CC=C1,C1(NC2=CC=CC=C2)=CC=CC3=CC=CC=C13,N#C/C(C1=CC=CC=C1)=C(C2=CC=CC=C2)\C3=CC=CC=C3,-5.255609023,-1.049815658,-5.93426124,-1.909967885,0.678652216,0.860152228,496,534,38,0.552400822,4.696726,0.686269603,3.659331,-0.172966,-0.081029,-4.706647012,-2.204912531,-5.055551583,-1.805013796,1
C1(C(C2=CC=CC=C2)=O)=CC=C2C(=C1)SC1=CC=CC=C1N2CC,CCN1C2=CC=CC=C2SC3=CC=CC=C13,O=CC1=CC=CC=C1,-4.866213947,-0.417694929,-6.944348259,-1.72683519,2.078134313,1.309140262,509,542,33,0.476589963,4.522694,0.490040193,4.407083,-0.178494,-0.060023,-4.857071632,-1.633309862,-5.099253092,-1.608493065,0
C(=C(/C#N)C#N)\C1=CC=C(N2C3=CC=CC=C3SC3=CC=CC=C23)C=C1,C12=CC=CC=C1SC3=CC=CC=C3N2,N#CCC#N,-4.68090434,-0.454702427,-8.471996031,-9.502763711,3.791091691,9.048061284,512,523,11,0.102453498,6.621305,0.4596411,5.426775,-0.193115,-0.106699,-5.254929511,-2.903429169,-5.319991968,-3.127297356,1
C1(C(=O)OC)=CC=C(/C(C#N)=C/C2=CC=C3C(=C2)SC2=CC=CC=C2N3CC)C=C1,CCN1C2=CC=CC=C2SC3=CC=CC=C13,O=C(OC)C1=CC=C(C=C1)CC#N,-4.866213947,-0.417694929,-7.006118128,-7.217822789,2.139904181,6.80012786,591,619,28,0.559771278,4.643671,0.594418879,4.195859,-0.185006,-0.087774,-5.034272268,-2.388453424,-5.178247786,-2.237783902,0
C(=C/C1=CC=C2C(=C1)SC1=CC(C3=CC=C(OC)C=C3)=CC=C1N2CC)\C(C1=CC=CC=C1)=O,COC(C=C1)=CC=C1C2=CC=C3C(SC4=CC=CC=C4N3CC)=C2,O=CC1=CC=CC=C1,-4.760905844,-0.634297641,-6.944348259,-1.72683519,2.183442415,1.092537549,597,608,11,0.498587398,5.496901,0.550125148,5.062771,-0.174845,-0.070937,-4.757777233,-1.930295082,-4.974543245,-1.841585918,1
C(=C/C1=CC=C2C(=C1)SC1=CC(Br)=CC=C1N2CC)\C(C1=CC=CC=C1)=O,BrC1=CC=C2C(SC3=CC=CC=C3N2CC)=C1,O=CC1=CC=CC=C1,-5.052067781,-0.690897344,-6.944348259,-1.72683519,1.892280478,1.035937846,627,636,9,0.526499318,4.790429,0.558511619,4.454895,-0.185413,-0.07489,-5.045347308,-2.037861746,-5.251555297,-1.956091489,1
[CH3]C1=CC(/C2=C/C=C3/C=C\C4=C\C=C/C5=CC=C2C3=C45)=CS1,C12=CC=CC(C2=C34)=CC=C4C=CC=C3C=C1,CC1=CC=CS1,-5.336971097,-1.499892148,-6.036848203,-0.13605698,0.699877105,-1.363835168,418,480,62,0.887397787,0.229253,0.878006053,0.32166,-0.179376,-0.05096,-4.881072086,-1.386692944,-5.209295993,-1.569635186,0
C1(CC)=CC(/C2=C/C=C3/C=C\C4=C\C=C/C5=CC=C2C3=C45)=CS1,C12=CC=CC(C2=C34)=CC=C4C=CC=C3C=C1,CCC1=CC=CS1,-5.336971097,-1.499892148,-6.009908921,-0.1072129,0.672937823,-1.392679247,414,482,68,0.886398927,0.258196,0.890339462,0.260321,-0.182889,-0.060974,-4.976665735,-1.659187904,-5.200234597,-1.561879937,0
C(C1=CC(/C2=C/C=C3/C=C\C4=C\C=C/C5=CC=C2C3=C45)=CS1)CC,C12=CC=CC(C2=C34)=CC=C4C=CC=C3C=C1,CCCC1=CC=CS1,-5.336971097,-1.499892148,-6.000657046,-0.09823314,0.663685948,-1.401659008,413,478,65,0.886455643,0.265955,0.877201597,0.348142,-0.17871,-0.050378,-4.862949294,-1.370855909,-5.196724326,-1.558396878,0
C(CCC1=CC(/C2=C/C=C3/C=C\C4=C\C=C/C5=CC=C2C3=C45)=CS1)CC,C12=CC=CC(C2=C34)=CC=C4C=CC=C3C=C1,CCCCCC1=CC=CS1,-5.336971097,-1.499892148,-5.991405171,-0.090341835,0.654434074,-1.409550313,416,481,65,0.886122745,0.271819,0.877453221,0.346378,-0.178692,-0.05032,-4.862459489,-1.369277648,-5.192288868,-1.554287957,0
C(CCCC1=CC(/C2=C/C=C3/C=C\C4=C\C=C/C5=CC=C2C3=C45)=CS1)CC,C12=CC=CC(C2=C34)=CC=C4C=CC=C3C=C1,CCCCCCC1=CC=CS1,-5.336971097,-1.499892148,-5.989772488,-0.088709151,0.65280139,-1.411182997,414,485,71,0.886903526,0.241486,0.878563431,0.32039,-0.179485,-0.051019,-4.884038129,-1.388298417,-5.207445618,-1.566315395,0
CCCN1C2=CC=CC=C2SC2=CC(C3=CC=C(C(=C(C4=CC=CC=C4)C4=CC=CC=C4)C4=CC=CC=C4)C=C3)=CC=C12,CCCN1C2=CC=CC=C2SC3=CC=CC=C13,C1(/C(C2=CC=CC=C2)=C(C3=CC=CC=C3)/C4=CC=CC=C4)=CC=CC=C1,-4.851247679,-0.413068991,-5.328263451,-1.217982085,0.477015772,0.804913094,475,519,44,0.462227872,7.607851,0.761149174,3.358851,-0.160724,-0.072615,-4.373525054,-1.975955811,-4.798567122,-1.315181385,1
ClC1=C\C=C2\SC(/C=C/C3=CC=C(N(C4=CC=CC=C4)C4=CC=CC=C4)C=C3)=N\C2=C\1,C1(N(C2=CC=CC=C2)C3=CC=CC=C3)=CC=CC=C1,ClC1=CC=C2SC=NC2=C1,-4.956011553,-0.323543498,-6.602301011,-1.337167999,1.646289458,1.013624501,507,526,19,0.629401084,4.402118,0.665954564,3.965803,-0.179894,-0.065952,-4.895167592,-1.794646253,-5.115171761,-2.00431009,0
CCN1C2=CC=CC=C2SC3=CC(/C=C/C4=NC5=CC(Cl)=CC=C5S4)=CC=C13,CCN1C2=CC=CC=C2SC3=CC=CC=C13,ClC1=CC=C2SC=NC2=C1,-4.866213947,-0.417694929,-6.602301011,-1.337167999,1.736087065,0.919473071,560,596,36,0.568545849,4.895316,0.761149174,3.358851,-0.173407,-0.064786,-4.71864724,-1.76291776,-5.060068676,-2.050079665,0
CCN1C2=CC=CC=C2SC2=CC(/C=C/C3=N/C4=CC=CC=C4\N=C3\C)=CC=C12,CCN1C2=CC=CC=C2SC3=CC=CC=C13,CC1=NC2=CC=CC=C2N=C1,-4.866213947,-0.417694929,-6.574817502,-1.759216751,1.708603555,1.341521823,501,570,69,0.492382358,6.469101,0.558872179,5.484653,-0.171582,-0.065388,-4.668986435,-1.779299023,-4.917344883,-1.938540136,0
CCCN1C2=CC=CC=C2SC2=CC(C3=CC=C(/C4=N/C5=CC=CC=C5S4)C=C3)=CC=C12,CCCN1C2=CC=CC=C2SC3=CC=CC=C13,C12=CC=CC=C1SC=N2,-4.851247679,-0.413068991,-6.470597855,-1.017434096,1.619350176,0.604365105,484,536,52,0.415206835,7.346468,0.532565047,5.884546,-0.169501,-0.052008,-4.612359511,-1.415210491,-4.926406279,-1.68438566,1
CCCN1C2=CC=CC=C2SC2=CC(C3=CC=CC(/C4=N/C5=CC=CC=C5S4)=C3)=CC=C12,CCCN1C2=CC=CC=C2SC3=CC=CC=C13,C12=CC=CC=C1SC=N2,-4.851247679,-0.413068991,-6.470597855,-1.017434096,1.619350176,0.604365105,440,486,46,0.213869378,7.39996,0.376734753,6.382206,-0.167496,-0.043376,-4.557800654,-1.180321686,-4.875602595,-1.570750854,1
CCCN1C2=CC=CC=C2SC2=CC(C3=CC=CC=C3/C3=N/C4=CC=CC=C4S3)=CC=C12,CCCN1C2=CC=CC=C2SC3=CC=CC=C13,C12=CC=CC=C1SC=N2,-4.851247679,-0.413068991,-6.470597855,-1.017434096,1.619350176,0.604365105,447,504,57,0.270190313,5.372701,0.410594478,4.410227,-0.162461,-0.047412,-4.420791255,-1.290146897,-4.785206324,-1.362502009,1
O=C1C2=CC=CC=C2OC(C3=CC=C(N4C(C=CC=C5)=C5SC6=C4C=CC=C6)C=C3)=C1,C1(NC(C=CC=C2)=C2S3)=C3C=CC=C1,O=C1C2=CC=CC=C2OC=C1,-4.68090434,-0.454702427,-6.577266527,-1.514586301,1.896362187,1.059883874,475,569,94,0.112503673,7.077338,0.421295608,5.900143,-0.181068,-0.072165,-4.927113775,-1.963710681,-5.106709015,-2.042923066,1
CCN1C2=CC=CC=C2SC2=CC(/C=C/C3=CC=C(S(C4=CC=C(Br)C=C4)(=O)=O)C=C3)=CC=C12,CCN1C2=CC=CC=C2SC3=CC=CC=C13,BrC(C=C1)=CC=C1S(C2=CC=CC=C2)(=O)=O,-4.866213947,-0.417694929,-7.020812282,-1.602751224,2.154598335,1.185056296,548,601,53,0.521681255,6.118179,0.577969814,5.243542,-0.175195,-0.070522,-4.767301223,-1.919002351,-5.029673542,-1.984908362,0
CCCCCCCCN1C2=CC=CC=C2SC2=CC(/C=C/C3=CC=C(S(C4=CC=CC=C4)(=O)=O)C=C3)=CC=C12,CCCCCCCCN1C2=CC=CC=C2SC3=CC=CC=C13,O=S(C1=CC=CC=C1)(C2=CC=CC=C2)=O,-4.836825639,-0.401912319,-7.120405991,-1.378529321,2.283580352,0.976617002,555,580,25,0.542005513,5.7261,0.595598885,4.900827,-0.172247,-0.065785,-4.687082016,-1.790101949,-4.956229973,-1.87097423,0
CC1=CC=C(/C2=C/C=C(/C3=CC=C(C(=C(C4=CC=CC=C4)C4=CC=CC=C4)C4=CC=CC=C4)C=C3)C3=NSN=C23)C=C1,C1(/C(C2=CC=CC=C2)=C(C3=CC=CC=C3)/C4=CC=CC=C4)=CC=CC=C1,CC1=CC=C(C=C1)C2=CC=CC3=NSN=C23,-5.328263451,-1.217982085,-5.923920909,-2.318955167,0.595657458,1.100973082,471,534,63,0.464566677,5.755413,0.639928835,4.729719,-0.168183,-0.09302,-4.576494886,-2.531204428,-5.238820362,-2.339908286,1
C(=C/C1=C2C(=C\C3=CC=CC=C13)/C=CC=C/2)\C1=C\N=C2\C=CC=C\C2=C/1,C12=CC3=CC=CC=C3C=C1C=CC=C2,C12=NC=CC=C1C=CC=C2,-5.239282186,-1.64846637,-6.302159314,-1.39975421,1.062877128,-0.248712159,492,508,16,0.821479672,1.626155,0.856131454,0.682601,-0.177564,-0.078936,-4.83176503,-2.14795907,-5.158601155,-2.024881908,0
C(=C/C1=C2C(=C\C3=CC=CC=C13)/C=CC=C/2)\C1=C\N=C2\C=CC=C\C2=N/1,C12=CC3=CC=CC=C3C=C1C=CC=C2,C12=NC=CN=C1C=CC=C2,-5.239282186,-1.64846637,-6.706520658,-1.939084079,1.467238472,0.290617709,519,547,28,0.663829557,3.555106,0.815802047,1.221492,-0.181342,-0.084573,-4.934569699,-2.301349732,-5.182302284,-2.256641402,0
C12=CC=CC=C1SC(C3=CC=C(C=C3)C4=CC=C(C=C4)N(C5=CC=CC=C5)C6=CC=CC=C6)=N2,C1(N(C2=CC=CC=C2)C3=CC=CC=C3)=CC=CC=C1,C12=CC=CC=C1SC=N2,-4.956011553,-0.323543498,-6.469781513,-1.017978324,1.513769959,0.694434826,454,456,2,0.462066456,7.359871,0.586726068,5.711613,-0.17742,-0.05359,-4.827846588,-1.458258926,-5.008530284,-1.67856242,0
N#C/C(C1=CC=CC=C1)=C\C2=CC3=C(C=C2)N(C4=CC=CC=C4)C5=CC=CC=C53,C12=C(N(C3=CC=CC=C32)C4=CC=CC=C4)C=CC=C1,N#CCC1=CC=CC=C1,-5.340508579,-0.66994457,-6.673322755,-1.816360683,1.332814176,1.146416113,452,507,55,0.706848071,2.347423,0.744828587,1.88612,-0.197838,-0.074188,-5.383448953,-2.018759343,-5.385734711,-1.814918746,1
CC(C=C1)=CC=C1/C(C#N)=C/C2=CC3=C(C=C2)N(C4=CC=CC=C4)C5=CC=CC=C53,C12=C(N(C3=CC=CC=C32)C4=CC=CC=C4)C=CC=C1,CC1=CC=C(CC#N)C=C1,-5.340508579,-0.66994457,-6.444474915,-1.731461127,1.103966336,1.061516558,462,581,119,0.723,1.970937,0.760187808,1.525212,-0.195136,-0.072158,-5.30992375,-1.963520201,-5.324726752,-1.762754492,1
CCN1C2=CC=CC=C2SC3=C1C=CC(/C=C/C4=NC(C=CC=C5)=C5O4)=C3,CCN1C2=CC=CC=C2SC3=CC=CC=C13,C1(N=CO2)=C2C=CC=C1,-4.866213947,-0.417694929,-6.575633843,-0.7874978,1.709419897,0.369802872,537,567,30,0.618622465,3.895562,0.665613721,3.103165,-0.170848,-0.061077,-4.649013267,-1.661990678,-4.962270175,-1.78316278,0
CCN1C2=CC=C(Br)C=C2SC3=C1C=CC(/C=C/C4=NC(C=CC=C5)=C5O4)=C3,CCN1C2=CC=C(C=C2SC3=C1C=CC=C3)Br,C1(N=CO2)=C2C=CC=C1,-5.051795667,-0.691169458,-6.575633843,-0.7874978,1.523838176,0.096328342,529,557,28,0.640483908,3.680246,0.687926705,2.814488,-0.176375,-0.065467,-4.799410675,-1.781448724,-5.108667485,-1.889831452,0
O=C(/C(C#N)=C/C(C=C1)=CC=C1N(C2=CC=CC=C2)C3=CC=CC=C3)OCC,C1(N(C2=CC=CC=C2)C3=CC=CC=C3)=CC=CC=C1,O=C(OCC)CC#N,-4.956011553,-0.323543498,-7.915502204,-0.263949848,2.959490651,-0.05959365,506,548,42,0.611529998,3.451228,0.600817129,3.599114,-0.198226,-0.09078,-5.394006976,-2.470250892,-5.384046813,-2.156503133,0
O=C(/C(C#N)=C/C(C(OC)=C1)=CC=C1N(C2=CC=C(OC)C=C2)C3=CC=CC=C3)OCC,COC1=CC(N(C2=CC=CC=C2)C3=CC=C(C=C3)OC)=CC=C1,O=C(OCC)CC#N,-4.753558767,-0.276467783,-7.915502204,-0.263949848,3.161943437,-0.012517935,547,570,23,0.619107582,3.350935,0.599088347,3.628197,-0.19081,-0.08201,-5.192207234,-2.231606914,-5.177784431,-1.869150791,0
C1(N(C2=C[N+]([B-](C3=CC=CC=C3)(C4=CC=CC=C4)C5=C6C=CC=C5)=C6C=C2)C(C=CC=C7)=C7S8)=C8C=CC=C1,C12=C(C=CC=C2)SC3=C(C=CC=C3)N1,[N+]1(C=CC=C2)=C2C(C=CC=C3)=C3[B-]1(C4=CC=CC=C4)C5=CC=CC=C5,-4.68090434,-0.454702427,-5.854803963,-1.875137298,1.173899623,1.420434871,423,559,136,0.136702604,5.017487,0.424734783,4.252507,-0.184812,-0.0636,-5.028993257,-1.73064504,-5.31963822,-2.058596833,1
C1(N(C2=CC=C(C3=C[N+]([B-](C4=CC=CC=C4)(C5=CC=CC=C5)C6=C7C=CC=C6)=C7C=C3)C=C2)C(C=CC=C8)=C8S9)=C9C=CC=C1,C12=C(C=CC=C2)SC3=C(C=CC=C3)N1,[N+]1(C=CC=C2)=C2C(C=CC=C3)=C3[B-]1(C4=CC=CC=C4)C5=CC=CC=C5,-4.68090434,-0.454702427,-5.854803963,-1.875137298,1.173899623,1.420434871,484,557,73,0.076648394,8.744124,0.387319267,7.177383,-0.179909,-0.070612,-4.895575763,-1.921451377,-5.102981053,-2.091087244,1
BrC1=CC=CC(C2=CC=C(N(C3=CC=C(OC)C=C3)C4=CC=C(OC)C=C4)C=C2)=N1,COC1=CC(N(C2=CC=CC=C2)C3=CC=C(C=C3)OC)=CC=C1,BrC1=CC=CC=N1,-4.753558767,-0.276467783,-6.934280043,-1.043012809,2.180721275,0.766545025,448,486,38,0.546404896,4.627403,0.574451852,4.188122,-0.170857,-0.042297,-4.64925817,-1.150960586,-4.756279907,-1.217982085,1
CC(C1=C2C=CC=C1)(C)C3=C(C=CC=C3)N2C4=CC5=NC(C6=CC=C(C#N)C=C6)=C(C7=CC=C(C#N)C=C7)N=C5C=C4,CC(C)(C1=C(N2)C=CC=C1)C3=C2C=CC=C3,N#CC(C=C1)=CC=C1C(N=C2C=CC=CC2=N3)=C3C4=CC=C(C=C4)C#N,-4.891792659,-0.080273618,-6.765297274,-2.608756535,1.873504615,2.528482916,572,610,38,0.125501603,6.089541,0.486467726,4.722954,-0.196788,-0.09281,-5.354876983,-2.525490034,-5.184669676,-2.760079513,1
FC1=CC2=NC(C3=CC=C(C#N)C=C3)=C(C4=CC=C(C#N)C=C4)N=C2C=C1N5C(C=CC=C6)=C6C(C)(C)C7=C5C=CC=C7,CC(C)(C1=C(N2)C=CC=C1)C3=C2C=CC=C3,N#CC(C=C1)=CC=C1C(N=C2C=CC=CC2=N3)=C3C4=CC=C(C=C4)C#N,-4.891792659,-0.080273618,-6.791420214,-2.721411714,1.899627555,2.641138096,562,620,58,0.129015054,6.071191,0.48665686,4.850711,-0.197239,-0.104881,-5.367149325,-2.853958843,-5.26812704,-2.82900599,1
O=S(C(C=C1)=CC=C1C2=C(C(O/C2=C\C3=CC=C(N(C4=CC=CC=C4)C5=CC=CC=C5)C=C3)=O)C6=CC=CC=C6)(C)=O,C1(N(C2=CC=CC=C2)C3=CC=CC=C3)=CC=CC=C1,O=S(C1=CC=C(C2=C(C3=CC=CC=C3)C(OC2)=O)C=C1)(C)=O,-4.956011553,-0.323543498,-6.54678832,-2.359227513,1.590776767,2.035684015,626,658,32,0.541233496,4.898352,0.625403301,3.635189,-0.188078,-0.110957,-5.117865689,-3.01929531,-5.274793833,-2.505054273,1
F[B-]1(F)OC(C2=CC=C(N3C(C=CC=C4)=C4C5=C3C=CC=C5)C=C2)=NC6=[N+]1C(C=CC=C7)=C7S6,C1(NC2=C3C=CC=C2)=C3C=CC=C1,F[B-]1(OC=NC2=[N+]1C3=C(S2)C=CC=C3)F,-5.458878152,-0.663958062,-6.838495929,-2.246572854,1.379617777,1.582614791,498,514,16,0.366815117,6.432866,0.421957521,5.997352,-0.213194,-0.090087,-5.801307212,-2.451393392,-5.584568411,-2.449325325,1
CC(C1=C2C=CC=C1)(C)C3=C(C=CC=C3)N2C4=CC5=C(N=C4)N=C(C6=CC=CC=N6)C(C7=CC=CC=N7)=N5,CC(C)(C1=C(N2)C=CC=C1)C3=C2C=CC=C3,C12=C(N=C(C(C3=CC=CC=N3)=N2)C4=CC=CC=N4)N=CC=C1,-4.891792659,-0.080273618,-6.446651826,-2.192422176,1.554859167,2.112148558,554,608,54,0.157979772,5.404065,0.501802567,3.959212,-0.188837,-0.077596,-5.138519142,-2.111495794,-5.057129844,-2.420590087,1
C1(C2=NC3=C(C=CC(N4C(C=CC=C5)=C5OC6=C4C=CC=C6)=C3)N=C2C7=CC=CC=N7)=CC=CC=N1,C1(NC(C=CC=C2)=C2O3)=C3C=CC=C1,C1(C2=NC3=C(N=C2C4=CC=CC=N4)C=CC=C3)=CC=CC=N1,-4.691516784,-0.244902564,-6.315220784,-1.977452147,1.623703999,1.732549583,589,616,27,0.126390033,5.944488,0.442972852,4.581703,-0.175227,-0.070682,-4.768171988,-1.923356175,-4.708279696,-2.231035475,1
C1(C2=NC3=C(N=CC(N4C(C=CC=C5)=C5OC6=C4C=CC=C6)=C3)N=C2C7=CC=CC=N7)=CC=CC=N1,C1(NC(C=CC=C2)=C2O3)=C3C=CC=C1,C1(C2=NC3=C(N=C2C4=CC=CC=N4)N=CC=C3)=CC=CC=N1,-4.691516784,-0.244902564,-6.446651826,-2.192422176,1.755135042,1.947519612,628,682,54,0.166848768,5.607114,0.469480561,4.369279,-0.180127,-0.079182,-4.901507848,-2.154653075,-4.830377248,-2.480536801,1
N#CC(C(C=CC(C1=CC=C(OC)C=C1)=C2)=C2O3)=C3C4=CC=C(/C(C5=CC=CC=C5)=C(C6=CC=CC=C6)/C7=CC=CC=C7)C=C4,C1(/C(C2=CC=CC=C2)=C(C3=CC=CC=C3)/C4=CC=CC=C4)=CC=CC=C1,N#CC1=COC2=C1C=CC(C3=CC=C(C=C3)OC)=C2,-5.328263451,-1.217982085,-5.784870676,-1.376624524,0.456607225,0.158642439,481,500,19,0.742202381,0.77245,0.857597624,0.086459,-0.175307,-0.087753,-4.7703489,-2.387881984,-5.328890096,-1.991439098,1
O=C1N(C2CCCC3=C2C=CC=C3)C(C4=CC=C(N5C(C=CC=C6)=C6SC7=C5C=CC=C7)C=C41)=O,C12=C(C=CC=C2)SC3=C(C=CC=C3)N1,O=C1N(C(C2=CC=CC=C21)=O)C3CCCC4=C3C=CC=C4,-4.68090434,-0.454702427,-6.326377456,-2.174734768,1.645473116,1.720032341,479,618,139,0.109088188,5.605265,0.385357732,4.946502,-0.185095,-0.089994,-5.036694083,-2.448862732,-5.195471838,-2.413378711,1
CC1=CC=C(C2=NSN=C21)C3=CC=CS3,C1=CC=CS1,CC1=CC=CC2=NSN=C21,-6.348146573,-0.229664182,-6.388963667,-2.2552805,0.040817094,2.025616318,529,545,16,0.694102339,2.210799,0.742223567,1.693901,-0.20025,-0.087412,-5.44908285,-2.378602897,-5.61197029,-2.409868795,0
O=CC1=CC=C(C2=NSN=C21)C3=CC=C(CCCCCC)S3,CCCCCCC1=CC=CS1,O=CC1=CC=CC2=NSN=C21,-5.989772488,-0.088709151,-7.009111382,-2.963321024,1.019338894,2.874611873,561,644,83,0.712447083,2.116012,0.773604331,1.321166,-0.216277,-0.107776,-5.885199958,-2.932735846,-5.875104528,-2.925579248,0
O=CC1=CC=C(C2=NSN=C21)C3=CC=C(C4=CC=CC=C4)S3,C1(C2=CC=CC=C2)=CC=CS1,O=CC1=CC=CC2=NSN=C21,-5.672759724,-1.092809663,-7.009111382,-2.963321024,1.336351658,1.870511361,574,651,77,0.672163542,3.194028,0.717367644,2.520796,-0.212386,-0.11191,-5.7793204,-3.045227774,-5.722584631,-3.023948459,0
C1(C2=CC=CC3=NSN=C23)=CC=CS1,C1=CC=CS1,C12=NSN=C1C=CC=C2,-6.348146573,-0.229664182,-6.620804761,-2.349704045,0.272658188,2.120039862,492,502,10,0.69711272,2.280281,0.750407259,1.7087,-0.205398,-0.089451,-5.589167137,-2.434086941,-5.756435613,-2.491285304,0
OCC1=CC=C(C2=NSN=C21)C3=CC=CS3,C1=CC=CS1,OCC1=CC=CC2=NSN=C21,-6.348146573,-0.229664182,-6.659717057,-2.538006905,0.311570484,2.308342723,541,550,9,0.675141127,2.318022,0.755530546,1.619874,-0.204791,-0.089107,-5.572649817,-2.42472622,-5.798477226,-2.65602312,0
O=CC1=CC=C(C2=NSN=C21)C3=CC=CS3,C1=CC=CS1,O=CC1=CC=CC2=NSN=C21,-6.348146573,-0.229664182,-7.009111382,-2.963321024,0.660964809,2.733656842,552,586,34,0.734248798,1.873261,0.788728493,1.132445,-0.22256,-0.111291,-6.056169184,-3.028383917,-6.093285534,-3.030669675,0
COC(C1=CC=C(C2=NSN=C21)C3=CC=CS3)=O,C1=CC=CS1,COC(C1=CC=CC2=NSN=C21)=O,-6.348146573,-0.229664182,-6.841217068,-2.655015908,0.493070496,2.425351725,504,537,33,0.736077685,1.889968,0.786964465,1.121946,-0.218717,-0.102858,-5.951595774,-2.798910181,-5.964820514,-2.770338211,0
N#C/C(C(C=C1)=CC=C1C2=CC3=C(C=C2)C4=CC=CC=C4N3C5=CC=CC=C5)=C(C6=CC=CC=C6)\C7=CC=CC=C7,C12=C(C3=CC=CC=C3N2C4=CC=CC=C4)C=CC=C1,N#C/C(C1=CC=CC=C1)=C(C2=CC=CC=C2)\C3=CC=CC=C3,-5.340508579,-0.66994457,-5.93426124,-1.909967885,0.593752661,1.240023316,458,503,45,0.290039876,8.80768,0.7886008,2.681006,-0.189032,-0.087551,-5.143825365,-2.382385281,-5.462959861,-1.939628307,1
C1(C=CC=C2)=C2N(C3=CC=C(C4=NC5=NC=NN5C(C6=CC=CC=C6)=C4)C=C3)C(C=CC=C7)=C7O1,C1(NC(C=CC=C2)=C2O3)=C3C=CC=C1,C12=NC=NN1C(C3=CC=CC=C3)=CC=N2,-4.691516784,-0.244902564,-6.579987667,-2.042487384,1.888470882,1.79758482,583,599,16,0.090088513,8.002346,0.309483499,7.480704,-0.17515,-0.073113,-4.76607671,-1.989507088,-4.703191165,-2.276124764,0
C1(C2=NC3=NC=NN3C(C4=CC=C(N5C(C=CC=C6)=C6OC7=C5C=CC=C7)C=C4)=C2)=CC=CC=C1,C1(NC(C=CC=C2)=C2O3)=C3C=CC=C1,C1(C2=NC3=NC=NN3C=C2)=CC=CC=C1,-4.691516784,-0.244902564,-6.467604601,-2.01609233,1.776087817,1.771189766,541,593,52,0.124939975,7.402418,0.469953322,5.441995,-0.181479,-0.072522,-4.938297661,-1.973425151,-4.814050408,-2.282084061,0
N#C/C(C1=CC=CC=C1)=C\C(C=C2)=CC=C2N3C4=CC=CC=C4C5=C3C=CC=C5,C12=CC=CC=C1C3=C(C=CC=C3)N2,N#CC(C1=CC=CC=C1)=C,-5.458878152,-0.663958062,-6.673322755,-1.816360683,1.214444603,1.152402621,462,474,12,0.480595827,5.344542,0.716761421,2.658109,-0.199851,-0.081668,-5.438225501,-2.222300615,-5.464811039,-2.228532026,1
N#C/C(C1=CC=CC(F)=C1)=C\C(C=C2)=CC=C2N3C4=CC=CC=C4C5=C3C=CC=C5,C12=CC=CC=C1C3=C(C=CC=C3)N2,N#CC(C1=CC=CC(F)=C1)=C,-5.458878152,-0.663958062,-6.801760544,-1.988336706,1.342882393,1.324378643,468,480,12,0.465097427,5.489192,0.701570587,2.860413,-0.203066,-0.085749,-5.525710152,-2.333350339,-5.522390362,-2.347527478,1
N#C/C(C1=CC=CC(Cl)=C1)=C\C(C=C2)=CC=C2N3C4=CC=CC=C4C5=C3C=CC=C5,C12=CC=CC=C1C3=C(C=CC=C3)N2,N#CC(C1=CC=CC(Cl)=C1)=C,-5.458878152,-0.663958062,-6.865163097,-2.06833821,1.406284945,1.404380148,456,495,39,0.458739229,5.573919,0.691736127,3.057543,-0.204583,-0.08793,-5.566989846,-2.392698402,-5.54451323,-2.392916093,1
N#C/C(C1=CC=C(F)C=C1)=C\C(C=C2)=CC=C2N3C4=CC=CC=C4C5=C3C=CC=C5,C12=CC=CC=C1C3=C(C=CC=C3)N2,N#CC(C1=CC=C(C=C1)F)=C,-5.458878152,-0.663958062,-6.645295017,-1.881940147,1.186416866,1.217982085,468,478,10,0.480542588,5.303819,0.719567815,2.508722,-0.200549,-0.083258,-5.457219059,-2.265566741,-5.494036083,-2.287009324,1
N#C/C(C1=CC=C(Cl)C=C1)=C\C(C=C2)=CC=C2N3C4=CC=CC=C4C5=C3C=CC=C5,C12=CC=CC=C1C3=C(C=CC=C3)N2,N#CC(C1=CC=C(C=C1)Cl)=C,-5.458878152,-0.663958062,-6.728017661,-2.044392181,1.269139509,1.380434119,482,487,5,0.470909012,5.48276,0.707605881,2.706887,-0.203103,-0.087237,-5.526716974,-2.373840902,-5.532893962,-2.384453348,1
N#C/C(C1=CC=CC(Br)=C1)=C\C(C=C2)=CC=C2N3C4=CC=CC=C4C5=C3C=CC=C5,C12=CC=CC=C1C3=C(C=CC=C3)N2,N#CC(C1=CC=CC(Br)=C1)=C,-5.458878152,-0.663958062,-6.785161593,-2.061263247,1.326283441,1.397305185,490,497,7,0.459669329,5.570671,0.691402735,3.060911,-0.204598,-0.087979,-5.567398017,-2.394031761,-5.541356707,-2.389024863,1
N#C/C(C1=CC=C(Br)C=C1)=C\C(C=C2)=CC=C2N3C4=CC=CC=C4C5=C3C=CC=C5,C12=CC=CC=C1C3=C(C=CC=C3)N2,N#CC(C1=CC=C(C=C1)Br)=C,-5.458878152,-0.663958062,-6.654819006,-2.047385435,1.195940854,1.383427373,466,482,16,0.473292142,5.461707,0.707799387,2.63473,-0.203189,-0.087629,-5.529057155,-2.384507771,-5.530662627,-2.386222089,1
N#C/C(C1=CC=C(C=C1)N2C3=CC=CC=C3SC4=CC=CC=C24)=C(C5=CC=CC=C5)/C6=CC=CC=C6,C12=C(C=CC=C2)SC3=C(C=CC=C3)N1,N#C/C(C1=CC=CC=C1)=C(C2=CC=CC=C2)\C3=CC=CC=C3,-4.68090434,-0.454702427,-6.356037878,-1.896362187,1.675133538,1.44165976,514,568,54,0.076816266,7.568595,0.49958909,5.836928,-0.172764,-0.089216,-4.70115031,-2.427692262,-4.990025798,-2.120856204,1
[H]/C(C(C=C1)=CC=C1C(C=C2)=CC=C2/C(C#N)=C(C3=CC=CC=C3)\C4=CC=CC=C4)=C(C5=CC=CC=C5)/C6=CC=CC=C6,[H]/C(C1=CC=CC=C1)=C(C2=CC=CC=C2)/C3=CC=CC=C3,N#C/C(C1=CC=CC=C1)=C(C2=CC=CC=C2)\C3=CC=CC=C3,-5.493707527,-1.25798256,-6.356037878,-1.896362187,0.862330351,0.638379628,457,518,61,0.58348327,7.02474,0.716337981,5.0946,-0.179509,-0.090023,-4.884691203,-2.449651862,-5.390849662,-1.986159794,1
N#C/C(C1=CC=C(C2=CC=C(N(C3=CC=CC=C3)C4=CC=CC=C4)C=C2)C=C1)=C(C5=CC=CC=C5)/C6=CC=CC=C6,C1(N(C2=CC=CC=C2)C3=CC=CC=C3)=CC=CC=C1,N#C/C(C1=CC=CC=C1)=C(C2=CC=CC=C2)\C3=CC=CC=C3,-4.956011553,-0.323543498,-6.356037878,-1.896362187,1.400026324,1.572818689,478,556,78,0.340743959,9.035934,0.567809593,6.809132,-0.175741,-0.086268,-4.782158647,-2.347473055,-4.982406608,-1.918947646,1
C1(S2)=CC=CC=C1N=C2C3=CC=C(C4=CC=C(C5=CC=C(/C(C6=CC=CC=C6)=C(C7=CC=CC=C7)\C8=CC=CC=C8)C=C5)C9=NSN=C94)C=C3,C1(/C(C2=CC=CC=C2)=C(C3=CC=CC=C3)/C4=CC=CC=C4)=CC=CC=C1,C12=CC=CC=C1N=C(C3=CC=C(C=C3)C4=CC=CC5=NSN=C54)S2,-5.328263451,-1.217982085,-5.883648043,-2.521680067,0.555384592,1.303697982,519,552,39,0.452417041,6.243178,0.629268644,4.978996,-0.170102,-0.097166,-4.628713563,-2.644022892,-5.307529147,-2.525000229,1
C12=CC=CC=C1N=C(C3=C(C4=CC=C(C5=CC=C(/C(C6=CC=CC=C6)=C(C7=CC=CC=C7)\C8=CC=CC=C8)C=C5)C9=NSN=C94)C=CC=C3)S2,C1(/C(C2=CC=CC=C2)=C(C3=CC=CC=C3)/C4=CC=CC=C4)=CC=CC=C1,C12=CC=CC=C1N=C(S2)C3=C(C=CC=C3)C4=CC=CC5=NSN=C54,-5.328263451,-1.217982085,-6.070046106,-2.423446928,0.741782655,1.205464843,518,537,19,0.405570643,6.495098,0.584828079,5.375071,-0.171425,-0.097631,-4.664714245,-2.656676193,-5.305869252,-2.433052908,1
C1(N=CC(C2=CC=C(C=C2)N(C3=CC=CC=C3)C4=CC=CC=C4)=CC1=N5)=NC(C6=CC=CC=C6)=C5C7=CC=CC=C7,C1(N(C2=CC=CC=C2)C3=CC=CC=C3)=CC=CC=C1,C12=NC(C3=CC=CC=C3)=C(C4=CC=CC=C4)N=C1C=CC=N2,-4.956011553,-0.323543498,-6.188959906,-2.188884694,1.232948353,1.865341196,542,552,10,0.362564346,7.572012,0.487382378,6.628896,-0.182972,-0.075981,-4.978924281,-2.067549383,-5.10096741,-2.130815888,0
C1=CC=C2C(=C1)C1=CC(N3C4=CC=CC=C4C(C)(C)C4=CC=CC=C34)=CC=C1S2(=O)=O,CC1(C)C2=CC=CC=C2NC3=CC=CC=C13,O=S1(C2=CC=CC=C2C3=CC=CC=C31)=O,-4.891792659,-0.080273618,-6.673050641,-1.823979874,1.781257982,1.743706256,495,530,35,0.579022989,3.504999,0.57535347,3.730485,-0.200881,-0.054467,-5.466253243,-1.482123324,-5.611534083,-1.570913891,0
C1=CC=C2C(=C1)C1=CC(N(C3=CC=CC=C3)C3=CC=CC=C3)=CC=C1S2(=O)=O,C1(NC2=CC=CC=C2)=CC=CC=C1,O=S1(C2=CC=CC=C2C3=CC=CC=C31)=O,-5.099687724,-0.141499259,-6.673050641,-1.823979874,1.573362917,1.682480615,460,472,12,0.513693114,4.049622,0.509076741,4.004245,-0.19341,-0.057332,-5.262956874,-1.560083985,-5.434660009,-1.67458931,0
N#C/C(C1=CC=NC=C1)=C\C2=CC=C(C3=CC=C(/C(C4=CC=CC=C4)=C(C5=CC=CC=C5)\C6=CC=CC=C6)C=C3)C=C2,C1(/C(C2=CC=CC=C2)=C(C3=CC=CC=C3)/C4=CC=CC=C4)=CC=CC=C1,N#CCC1=CC=NC=C1,-5.328263451,-1.217982085,-7.197956883,-1.033760706,1.869693432,-0.184221379,515,558,43,0.383151338,8.791542,0.662183351,5.449185,-0.179165,-0.099155,-4.875330481,-2.698146367,-5.44889237,-2.451774351,1
C1(N2C(C3=CC=C(C=C3)/C(C4=CC=CC=C4)=C(C5=CC=CC=C5)/C6=CC=CC=C6)=NC7=CC=CC=C27)=CC=CC=C1,C1(/C(C2=CC=CC=C2)=C(C3=CC=CC=C3)/C4=CC=CC=C4)=CC=CC=C1,C1(N2C=NC3=CC=CC=C23)=CC=CC=C1,-5.328263451,-1.217982085,-5.959295724,-0.693074256,0.631032273,-0.524907829,448,469,21,0.820055218,0.083315,0.874869559,0.09454,-0.168635,-0.077772,-4.588794439,-2.116285001,-5.259690733,-1.450367407,1
CC(C)(C)C(C=C1)=CC=C1N2C(C3=CC=C(C=C3)/C(C4=CC=CC=C4)=C(C5=CC=CC=C5)/C6=CC=CC=C6)=NC7=CC=CC=C27,C1(/C(C2=CC=CC=C2)=C(C3=CC=CC=C3)/C4=CC=CC=C4)=CC=CC=C1,CC(C)(C1=CC=C(N2C=NC3=CC=CC=C23)C=C1)C,-5.328263451,-1.217982085,-5.867593319,-0.598378598,0.539329869,-0.619603487,454,481,27,0.821352652,0.195864,0.875556966,0.043275,-0.167964,-0.077151,-4.57053559,-2.099386721,-5.236561046,-1.42723772,1
CCCCN1C(C2=CC=C(C=C2)/C(C3=CC=CC=C3)=C(C4=CC=CC=C4)/C5=CC=CC=C5)=NC6=CC=CC=C16,C1(/C(C2=CC=CC=C2)=C(C3=CC=CC=C3)/C4=CC=CC=C4)=CC=CC=C1,CCCCN1C=NC2=CC=CC=C12,-5.328263451,-1.217982085,-5.881199017,-0.26041306,0.552935567,-0.957569025,440,463,23,0.818401268,0.527553,0.876113236,0.224331,-0.169443,-0.077184,-4.61078125,-2.100284698,-5.29180018,-1.449823179,1
CCCCCCN1C(C2=CC=C(C=C2)/C(C3=CC=CC=C3)=C(C4=CC=CC=C4)/C5=CC=CC=C5)=NC6=CC=CC=C16,C1(/C(C2=CC=CC=C2)=C(C3=CC=CC=C3)/C4=CC=CC=C4)=CC=CC=C1,CCCCCCN1C=NC2=CC=CC=C12,-5.328263451,-1.217982085,-5.873579827,-0.253065983,0.545316376,-0.964916102,446,472,26,0.815491405,0.768137,0.874176219,0.266581,-0.169864,-0.077584,-4.62223725,-2.111169258,-5.315746209,-1.476490347,1
CCCCN1C(=O)C2=C3C(=C/C=C/2)/C(C2=CC=C(C(=C(C4=CC=CC=C4)C4=CC=CC=C4)C4=CC=CC=C4)C=C2)=CC=C/3C1=O,C1(/C(C2=CC=CC=C2)=C(C3=CC=CC=C3)/C4=CC=CC=C4)=CC=CC=C1,CCCCN1C(C2=C3C(C=CC=C3C1=O)=CC=C2)=O,-5.328263451,-1.217982085,-6.471142083,-2.399228785,1.142878632,1.1812467,488,507,19,0.333569263,7.758484,0.746259057,3.303484,-0.180248,-0.094819,-4.904800427,-2.580157737,-5.519287451,-2.346166563,1
C1(C=O)=CC=C(C2=CC=C(N(C3=CC=CC=C3)C3=CC=CC=C3)C=C2)C=C1,C1(N(C2=CC=CC=C2)C3=CC=CC=C3)=CC=CC=C1,O=CC1=CC=CC=C1,-4.956011553,-0.323543498,-6.944348259,-1.72683519,1.988336706,1.403291692,467,492,25,0.439566427,6.608591,0.530232632,5.574292,-0.186961,-0.068453,-5.087470555,-1.862701964,-5.133539456,-1.780278634,0
C1(C(OC)=O)=CC=C(/C=C/C2=CC=C3C(=C2)SC2=CC=CC=C2N3CC)C=C1,CCN1C2=CC=CC=C2SC3=CC=CC=C31,COC(C1=CC=CC=C1)=O,-4.866213947,-0.417694929,-7.006118128,-1.193763943,2.139904181,0.776069014,517,544,27,0.56316103,5.406353,0.599336817,4.774134,-0.173635,-0.067611,-4.724851439,-1.839789965,-4.920120445,-1.77788403,0
C1(C=O)=CC=C(/C=C/C2=CC=C3C(=C2)SC2=CC=CC=C2N3CC)C=C1,CCN1C2=CC=CC=C2SC3=CC=CC=C31,O=CC1=CC=CC=C1,-4.866213947,-0.417694929,-6.944348259,-1.72683519,2.078134313,1.309140262,545,591,46,0.514396793,6.276996,0.575059389,5.270952,-0.176684,-0.074849,-4.807818998,-2.036746079,-5.001128783,-2.043222392,0
C1(C#N)=CC(C2=CC=C(N3C4=CC=CC=C4SC4=CC=CC=C34)C=C2)=CC(N2C3=CC=CC=C3C3=CC=CC=C23)=C1,C12=C(C=CC=C2)SC3=C(C=CC=C3)N1,N#CC1=CC=CC(N2C3=CC=CC=C3C4=CC=CC=C24)=C1,-4.68090434,-0.454702427,-5.666228989,-1.664521093,0.985324649,1.209818666,478,525,47,0.426573829,4.383006,0.531167234,5.159452,-0.191971,-0.05662,-5.223799669,-1.540709468,-5.443911884,-1.518123783,1
C1(C=O)=C(C2=CC=CC=C2)C=C(C2=CC=C(N(C3=CC=CC=C3)C3=CC=CC=C3)C=C2)S1,C1(N(C2=CC=CC=C2)C3=CC=CC=C3)=CC=CC=C1,O=CC1=C(C=CS1)C2=CC=CC=C2,-4.956011553,-0.323543498,-6.473863222,-1.963302221,1.517851669,1.639758723,498,570,72,0.526153038,5.749062,0.53823507,5.653433,-0.183381,-0.059098,-4.990053743,-1.608139317,-5.165811417,-1.997860694,0
CC(C)(C)C1=CC2=C(C3=C(C=C(C=C43)C(C)(C)C)C=C2)C(C=C4C5=CC=C(F)C=C5)=C1,CC(C)(C1=CC2=C3C4=C(C=C2)C=C(C(C)(C)C)C=C4C=CC3=C1)C,FC1=CC=CC=C1,-5.215336157,-1.397849413,-6.630872977,-0.259868832,1.41553682,-1.137980581,401,451,50,0.89199392,0.054572,0.890714714,0.078626,-0.183755,-0.051721,-5.000230807,-1.407400819,-5.230901845,-1.487375124,0
CC(C)(C)C1=CC2=C(C3=C(C=C(C=C43)C(C)(C)C)C=C2)C(C=C4C5=CC=C(C#N)C=C5)=C1,CC(C)(C1=CC2=C3C4=C(C=C2)C=C(C(C)(C)C)C=C4C=CC3=C1)C,N#CC1=CC=CC=C1,-5.215336157,-1.397849413,-7.268163872,-1.424788695,2.052827714,0.026939282,412,461,49,0.811499071,1.739025,0.798616841,1.920687,-0.193964,-0.068152,-5.27803199,-1.854511333,-5.435531573,-1.791299251,1
CC(C)(C)C1=CC2=C(C3=C(C=C(C=C43)C(C)(C)C)C=C2)C(C=C4C5=CC=C(C=O)C=C5)=C1,CC(C)(C1=CC2=C3C4=C(C=C2)C=C(C(C)(C)C)C=C4C=CC3=C1)C,O=CC1=CC=CC=C1,-5.215336157,-1.397849413,-6.944348259,-1.72683519,1.729012102,0.328985778,423,461,38,0.604605164,4.371036,0.68795859,3.322883,-0.192267,-0.072285,-5.231854244,-1.966976049,-5.358931482,-1.867409536,1
CC(C)(C)C1=CC2=C(C3=C(C=C(C=C43)C(C)(C)C)C=C2)C(C=C4C5=CC=C(C(F)(F)F)C=C5)=C1,CC(C)(C1=CC2=C3C4=C(C=C2)C=C(C(C)(C)C)C=C4C=CC3=C1)C,FC(F)(F)C1=CC=CC=C1,-5.215336157,-1.397849413,-7.242857273,-0.741238427,2.027521116,-0.656610985,448,458,10,0.883710689,0.40833,0.872203085,0.705036,-0.189137,-0.058095,-5.146682562,-1.580846283,-5.341380129,-1.617037445,1
CC(C)(C)C1=CC2=C(C3=C(C=C(C=C43)C(C)(C)C)C=C2)C(C=C4C5=CC=C(C6=CC=C(C=O)S6)C=C5)=C1,CC(C)(C1=CC2=C3C4=C(C=C2)C=C(C(C)(C)C)C=C4C=CC3=C1)C,O=CC(S1)=CC=C1C2=CC=CC=C2,-5.215336157,-1.397849413,-6.131815975,-2.155414677,0.916479817,0.757565265,451,492,41,0.35539913,8.385482,0.649591613,5.080773,-0.187024,-0.069277,-5.089184874,-1.885124158,-5.304154934,-2.121536801,0
C1=C\C2=C(NC(C3=CC=C(C(=C(C4=CC=CC=C4)C4=CC=CC=C4)C4=CC=CC=C4)C=C3)=N2)\C=C/1,C1(/C(C2=CC=CC=C2)=C(C3=CC=CC=C3)/C4=CC=CC=C4)=CC=CC=C1,C1(C=CC=C2)=C2NC=N1,-5.328263451,-1.217982085,-6.07929798,-0.365993276,0.75103453,-0.851988809,465,492,27,0.814821014,0.050621,0.876013729,0.196679,-0.171509,-0.078807,-4.667000003,-2.1444488,-5.285651182,-1.554505648,1
C1(Cl)=C/C2=C(NC(C3=CC=C(C(=C(C4=CC=CC=C4)C4=CC=CC=C4)C4=CC=CC=C4)C=C3)=N2)/C=C\1Cl,C1(/C(C2=CC=CC=C2)=C(C3=CC=CC=C3)/C4=CC=CC=C4)=CC=CC=C1,ClC1=CC2=C(C=C1Cl)NC=N2,-5.328263451,-1.217982085,-6.421889456,-1.019338894,1.093626005,-0.198643191,467,493,26,0.766228084,1.837687,0.872663954,0.21067,-0.178203,-0.085728,-4.849153114,-2.332778899,-5.470443799,-1.805041008,1
C1(Br)=C/C2=C(NC(C3=CC=C(C(=C(C4=CC=CC=C4)C4=CC=CC=C4)C4=CC=CC=C4)C=C3)=N2)/C=C\1Br,C1(/C(C2=CC=CC=C2)=C(C3=CC=CC=C3)/C4=CC=CC=C4)=CC=CC=C1,BrC1=CC2=C(C=C1Br)NC=N2,-5.328263451,-1.217982085,-6.330459165,-1.012263931,1.002195715,-0.205718154,461,487,26,0.766743136,1.705464,0.871852502,0.218189,-0.178393,-0.085914,-4.85432328,-2.33784022,-5.46268855,-1.800279013,1
C1(C)=C/C2=C(NC(C3=CC=C(C(=C(C4=CC=CC=C4)C4=CC=CC=C4)C4=CC=CC=C4)C=C3)=N2)/C=C\1C,C1(/C(C2=CC=CC=C2)=C(C3=CC=CC=C3)/C4=CC=CC=C4)=CC=CC=C1,CC1=CC2=C(C=C1C)NC=N2,-5.328263451,-1.217982085,-5.801469627,-0.194561481,0.473206176,-1.023420604,461,485,24,0.797183632,1.513913,0.87254312,0.434676,-0.169537,-0.077223,-4.613339122,-2.101345942,-5.18396218,-1.497089594,1
C1(Cl)=CC=C(C2=CC(C3=CC=C(C(=C(C4=CC=CC=C4)C4=CC=CC=C4)C4=CC=CC=C4)C=C3)=[O+][B-](F)(F)O2)C=C1,C1(/C(C2=CC=CC=C2)=C(C3=CC=CC=C3)/C4=CC=CC=C4)=CC=CC=C1,ClC1=CC=C(C=C1)C2=CC=[O+][B-](F)(O2)F,-5.328263451,-1.217982085,-7.179998949,-2.911619372,1.851735498,1.693637287,547,617,70,0.407653619,6.608112,0.67699775,3.903899,-0.192791,-0.112487,-5.246113017,-3.060928752,-5.696161525,-2.759779782,1
C1(Br)=CC=C(C2=CC(C3=CC=C(C(=C(C4=CC=CC=C4)C4=CC=CC=C4)C4=CC=CC=C4)C=C3)=[O+][B-](F)(F)O2)C=C1,C1(/C(C2=CC=CC=C2)=C(C3=CC=CC=C3)/C4=CC=CC=C4)=CC=CC=C1,BrC1=CC=C(C=C1)C2=CC=[O+][B-](F)(O2)F,-5.328263451,-1.217982085,-7.106800293,-2.90944246,1.778536843,1.691460375,539,598,59,0.407555754,6.624435,0.673916759,3.952627,-0.192784,-0.112626,-5.245922538,-3.064711136,-5.693440385,-2.75896344,1
C(=C1C(=O)C2=CC=CC=C2C1=O)C1=CC=C(C(=C(C2=CC=CC=C2)C2=CC=CC=C2)C2=CC=CC=C2)C=C1,C1(/C(C2=CC=CC=C2)=C(C3=CC=CC=C3)/C4=CC=CC=C4)=CC=CC=C1,O=C(C1=CC=CC=C12)CC2=O,-5.328263451,-1.217982085,-6.728,-2.202212497,1.399736549,0.984230413,510,562,52,0.504085861,5.330103,0.756375663,2.557037,-0.182886,-0.100959,-4.9765841,-2.747235733,-5.489354915,-2.53147617,1
N#C/C(C#N)=C/C1=CN(N=C1C2=CC=C(C=C2)C3=CC=C(C=C3)N(C4=CC=CC=C4)C5=CC=CC=C5)C6=CC=CC=C6,C1(N(C2=CC=CC=C2)C3=CC=CC=C3)=CC=CC=C1,N#C/C(C#N)=C/C1=CN(C2=CC=CC=C2)N=C1,-4.956011553,-0.323543498,-6.620532647,-2.717057891,1.664521093,2.393514392,536,616,80,0.130407243,10.920313,0.252535546,10.258054,-0.183229,-0.09745,-4.985917611,-2.65175093,-5.08771471,-2.562225047,1
N#C/C(C#N)=C/C1=CN(N=C1C2=CC=C(C=C2)/C=C/C3=CC=C(C=C3)N(C4=CC=CC=C4)C5=CC=CC=C5)C6=CC=CC=C6,C1(N(C2=CC=CC=C2)C3=CC=CC=C3)=CC=CC=C1,N#C/C(C#N)=C/C1=CN(C2=CC=CC=C2)N=C1,-4.956011553,-0.323543498,-6.620532647,-2.717057891,1.664521093,2.393514392,543,628,85,0.178626543,11.744855,0.299970074,10.760315,-0.178443,-0.09677,-4.85568385,-2.633247178,-4.985399861,-2.551612603,1
CN1C2=CC=CC=C2C(C)(C13C=CC4=CC=C(C=C4O3)C5=CC=C(C=C5)/C(C6=CC=CC=C6)=C(C7=CC=CC=C7)/C8=CC=CC=C8)C,C1(/C(C2=CC=CC=C2)=C(C3=CC=CC=C3)/C4=CC=CC=C4)=CC=CC=C1,CN1C2=CC=CC=C2C(C13C=CC4=CC=CC=C4O3)(C)C,-5.328263451,-1.217982085,-5.206628511,-0.902329891,-0.12163494,-0.315652194,453,488,35,0.382998951,7.283379,0.868873002,0.242256,-0.17022,-0.079057,-4.631924508,-2.15125165,-5.198737206,-1.431591544,1
CCN1C2=CC=CC=C2SC3=CC(/C=C/C4=CC=C(C=C4)C5=NC6=CC=CC=C6S5)=CC=C13,CCN1C2=CC=CC=C2SC3=CC=CC=C13,C12=CC=CC=C1SC=N2,-4.866213947,-0.417694929,-6.469781513,-1.017978324,1.603567566,0.600283396,542,563,21,0.548293047,6.74065,0.623053805,5.260776,-0.16709,-0.062225,-4.546752826,-1.693229365,-4.865669719,-1.922213013,0
BrC1=CC=C(C2=NSN=C12)C3=CC=C(C=C3)N(C4=CC=CC=C4)C5=CC=CC=C5,C1(N(C2=CC=CC=C2)C3=CC=CC=C3)=CC=CC=C1,BrC1=CC=CC2=NSN=C12,-4.956011553,-0.323543498,-6.569103108,-2.606035395,1.613091555,2.282491896,575,593,18,0.357340927,6.309016,0.471251136,5.528247,-0.18103,-0.097236,-4.926079742,-2.64592769,-5.06431291,-2.513516649,0
BrC1=CC=C(C2=NSN=C12)C3=CC=C(C=C3)N(C4=CC=CC=C45)C6=C5C=CC=C6,C1(N2C3=CC=CC=C3C4=C2C=CC=C4)=CC=CC=C1,BrC1=CC=CC2=NSN=C12,-5.340508579,-0.66994457,-6.569103108,-2.606035395,1.228594529,1.936090825,504,533,29,0.262318994,7.683712,0.5492281,4.907072,-0.196913,-0.101342,-5.358278408,-2.757657699,-5.413707234,-2.714880979,0
CC(C)(C)C(C=C1C2=CC(C(C)(C)C)=CC=C32)=CC=C1N3C4=C(C#N)C(C5=CC=CC=C5)=CC(C6=CC=CC=C6)=C4C#N,CC(C)(C1=CC=C2C(C3=CC(C(C)(C)C)=CC=C3N2)=C1)C,N#CC1=CC(C#N)=C(C2=CC=CC=C2)C=C1C3=CC=CC=C3,-5.229758197,-0.606542017,-6.783801023,-2.270246768,1.554042826,1.663704751,470,515,45,0.453673412,3.242108,0.152616362,5.084236,-0.210251,-0.079531,-5.721224061,-2.164149853,-5.747591063,-1.968472387,0
N#C/C(C#N)=C\C1=CC=C(C=C1)C2=C3C(C=CC=C3)=C(C4=CC=CC=C24)C5=CC=C(C=C5)N(C6=CC=CC=C6)C7=CC=CC=C7,C1(N(C2=CC=CC=C2)C3=CC=CC=C3)=CC=CC=C1,N#C/C(C#N)=C/C1=CC=CC=C1,-4.956011553,-0.323543498,-7.07360239,-2.913252056,2.117590837,2.589708557,532,615,83,0.08729863,12.93281,0.387752097,8.947632,-0.182747,-0.105358,-4.972801716,-2.866938681,-5.145947098,-2.862094631,1
[H]C(C1=CC=CC=C1C2=CC=C(C=C2)N(C3=CC=CC=C3)C4=CC=CC=C4)=O,C1(N(C2=CC=CC=C2)C3=CC=CC=C3)=CC=CC=C1,[H]C(C1=CC=CC=C1)=O,-4.956011553,-0.323543498,-6.944348259,-1.72683519,1.988336706,1.403291692,455,497,42,0.311768286,6.000057,0.412310311,5.339395,-0.184688,-0.061538,-5.025619043,-1.674535133,-5.120096271,-1.635132786,0
CC(C)(C1=CC=CC=C21)C3=CC=CC=C3N2C(C=C4)=CC=C4C5=NC(C6=CC=CC=C6)=NC(C7=CC=CC=C7)=C5,CC1(C)C2=C(C=CC=C2)NC3=C1C=CC=C3,C1(C2=CC=CC=C2)=NC(C3=CC=CC=C3)=CC=N1,-4.891792659,-0.080273618,-6.283111336,-1.625608797,1.391318677,1.545335179,433,483,50,0.094807698,7.322624,0.435741287,5.892989,-0.183812,-0.05541,-5.001781857,-1.507783674,-4.918814298,-1.830021073,0
FC(C1=CC(C(F)(F)F)=CC(C2=NC3=CC=CC=C3C(C4=CC=C(C=C4)N(C5=CC=CC=C5)C6=CC=CC=C6)=N2)=C1)(F)F,C1(N(C2=CC=CC=C2)C3=CC=CC=C3)=CC=CC=C1,FC(F)(F)C1=CC(C(F)(F)F)=CC(C2=NC3=CC=CC=C3C=N2)=C1,-4.956011553,-0.323543498,-6.714411963,-2.278410187,1.75840041,1.954866689,494,505,11,0.370182031,6.214892,0.484260914,5.396813,-0.189512,-0.076469,-5.156886837,-2.080828547,-5.282385814,-2.149591754,1
FC(C1=CC(C(F)(F)F)=CC(C2=NC3=CC=CC=C3C(C4=CC=C(C=C4)N5C6=CC=CC=C6OC7=CC=CC=C57)=N2)=C1)(F)F,C12=CC=CC=C1OC3=CC=CC=C3N2,FC(F)(F)C1=CC(C(F)(F)F)=CC(C2=NC3=CC=CC=C3C=N2)=C1,-4.691516784,-0.244902564,-6.714411963,-2.278410187,2.022895179,2.033507623,533,564,31,0.065932792,7.96368,0.394027493,6.306807,-0.180077,-0.080602,-4.900147278,-2.193293263,-4.790811873,-2.445461307,1
C12=CC=CC=C1N=C(C3=CC=C(S3)C4=CC=C(C=C4)/C(C5=CC=CC=C5)=C(C6=CC=CC=C6)/C7=CC=CC=C7)N2,C1(/C(C2=CC=CC=C2)=C(C3=CC=CC=C3)/C4=CC=CC=C4)=CC=CC=C1,C12=CC=CC=C1N=CN2,-5.328263451,-1.217982085,-6.07929798,-0.365993276,0.75103453,-0.851988809,499,521,22,0.797256935,0.159127,0.866249415,0.453405,-0.169496,-0.078255,-4.612223454,-2.129428107,-5.189757445,-1.796768478,1
C12=CC=CC=C1N=C(C(C=C3)=CC=C3C4=CC=C(C=C4)/C(C5=CC=CC=C5)=C(C6=CC=CC=C6)/C7=CC=CC=C7)N2,C1(/C(C2=CC=CC=C2)=C(C3=CC=CC=C3)/C4=CC=CC=C4)=CC=CC=C1,C12=CC=CC=C1N=CN2,-5.328263451,-1.217982085,-6.07929798,-0.365993276,0.75103453,-0.851988809,494,509,15,0.784312656,2.138325,0.872092117,0.24083,-0.171158,-0.080041,-4.657448801,-2.178027667,-5.295337662,-1.576900398,1
FC(C1=CC=C(C=C1)C2=CC=C(C3=NSN=C23)C4=CC=C(C=C4)/C(C5=CC=CC=C5)=C(C6=CC=CC=C6)/C7=CC=CC=C7)(F)F,C1(/C(C2=CC=CC=C2)=C(C3=CC=CC=C3)/C4=CC=CC=C4)=CC=CC=C1,FC(F)(F)C1=CC=C(C2=CC=CC3=NSN=C23)C=C1,-5.328263451,-1.217982085,-6.40773953,-2.604402711,1.079476079,1.386420626,512,547,35,0.391856936,6.667214,0.596239693,5.159931,-0.173629,-0.101033,-4.724688171,-2.749249376,-5.371748051,-2.587695294,1
CC(C=C1)=CC=C1N(C2=CC=C(C=C2)C)C(C=C3)=CC=C3/C=C(C4=CC=NC=C4)\C#N,CC1=CC=C(N(C2=CC=CC=C2)C3=CC=C(C)C=C3)C=C1,N#CCC1=CC=NC=C1,-4.79981814,-0.261501516,-7.197956883,-1.033760706,2.398138742,0.772259191,548,590,42,0.610923417,3.932244,0.614323637,3.832557,-0.187752,-0.084198,-5.108994773,-2.291145457,-5.194792317,-2.120774882,1
CCN(C1=C2)C3=CC=CC=C3C1=CC=C2/C=N/C(C=C4)=CC=C4C(O)=O,CCN1C2=CC=CC=C2C3=CC=CC=C13,NC1=CC=C(C(O)=O)C=C1,-5.287174243,-0.610351612,-5.803373145,-0.797021613,-11.09054739,0.186670001,471,537,66,0.533144532,4.401507,0.63830097,3.669757,-0.2063,-0.079487,-5.61371182,-2.162952552,-5.602527935,-1.943193285,1
O=C(C1=CC=C(C=C1)N(C2=CC=CC=C2)C3=CC=CC=C3)C4=CC=CC=C4,C1(N(C2=CC=CC=C2)C3=CC=CC=C3)=CC=CC=C1,O=CC1=CC=CC=C1,-4.956011553,-0.323543498,-6.944348259,-1.72683519,1.988336706,1.403291692,436,472,36,0.493571434,4.570447,0.487570323,4.649971,-0.188411,-0.061889,-5.126927085,-1.684086335,-5.222139006,-1.554042826,0
N#C/C(C1=CC=C(C=C1)C2=CC=C(C=C2)N(C3=CC=CC=C3)C4=CC=CC=C4)=C\C5=CC=CC=N5,C1(N(C2=CC=CC=C2)C3=CC=CC=C3)=CC=CC=C1,N#C/C=C\C1=CC=CC=N1,-4.956011553,-0.323543498,-6.774549148,-2.130380193,1.818537595,1.806836694,524,550,26,0.314071886,9.671683,0.474318028,7.987247,-0.180435,-0.084025,-4.909888959,-2.286437885,-5.016420853,-2.194326973,1
FC1=C(C2=NSN=C2C(C3=CC=C(C=C3)N(C4=CC=CC=C4)C5=CC=CC=C5)=C1F)Br,C1(N(C2=CC=CC=C2)C3=CC=CC=C3)=CC=CC=C1,FC1=C(Br)C2=NSN=C2C=C1F,-4.956011553,-0.323543498,-6.845298778,-2.791617116,1.889287224,2.468073617,567,584,17,0.334698414,6.403035,0.418954036,5.848504,-0.184389,-0.102375,-5.017482835,-2.785767075,-5.137511565,-2.627804512,0
FC1=C(C2=NSN=C2C(C3=CC=C(C=C3)N4C5=CC=CC=C5C6=CC=CC=C46)=C1F)Br,C1(N2C3=CC=CC=C3C4=CC=CC=C24)=CC=CC=C1,FC1=C(Br)C2=NSN=C2C=C1F,-5.340508579,-0.66994457,-6.845298778,-2.791617116,1.504790199,2.121672546,498,527,29,0.2351363,7.79091,0.495289085,5.420554,-0.200484,-0.106492,-5.455450318,-2.897796409,-5.454524328,-2.838420717,0
N#C/C(C#N)=C\C1=CC=C(C=C1)N(C2=CC=CC=C2)C3=CC=CC=C3,C1(N(C2=CC=CC=C2)C3=CC=CC=C3)=CC=CC=C1,N#CCC#N,-4.956011553,-0.323543498,-8.471996031,-9.502763711,3.515984477,9.179220213,581,602,21,0.616581183,3.29736,0.604364793,3.529473,-0.20334,-0.097749,-5.533166076,-2.659887139,-5.627316693,-2.498550381,1
C1(/C=C/C2=CC=C(C=C2)C3=NC4=CC=CC=C4S3)=CC=C(C=C1)N(C5=CC=CC=C5)C6=CC=CC=C6,C1(N(C2=CC=CC=C2)C3=CC=CC=C3)=CC=CC=C1,C12=CC=CC=C1SC=N2,-4.956011553,-0.323543498,-6.469781513,-1.017978324,1.513769959,0.694434826,494,508,14,0.599699474,6.330812,0.688566512,4.594716,-0.172533,-0.063318,-4.694864476,-1.722971425,-4.906487534,-1.905070114,0
N#C/C(C#N)=C(C1=CC=C(C=C1)N2C3=CC=CC=C3C4=CC=CC=C24)/C5=CC=CC=C5,C12=CC=CC=C1C3=C(C=CC=C3)N2,N#C/C(C#N)=C(C1=CC=CC=C1)\C2=CC=CC=C2,-5.458878152,-0.663958062,-6.736997422,-2.676512911,1.27811927,2.012554848,505,567,62,0.316205501,6.355327,0.504472216,4.80979,-0.214909,-0.103185,-5.847974763,-2.807808309,-5.685522705,-2.757984236,1
C1=CC=C2C(=C1)OC1=C\C=C3\C=CC=C\C3=C\1N2C1=CC=C(C2=N/C3=NC=NN3/C(C3=CC=CC=C3)=C\2)C=C1,C12=CC=CC=C1OC3=CC=C4C=CC=CC4=C3N2,C12=NC=NN1C(C3=CC=CC=C3)=CC=N2,-4.55083244,-1.056618175,-6.579985604,-1.056618175,2.029153164,0,472,586,114,0.415184342,5.875236,0.303928889,7.473963,-0.169327,-0.071772,-4.607624728,-1.953016601,-5.36317646,-1.861803988,1
C1=CC=C2C(=C1)OC1=C\C=C3\C=CC=C\C3=C\1N2C1=CC=C(/C2=C/C(C3=CC=CC=C3)=N\C3=NC=NN23)C=C1,C12=CC=CC=C1OC3=CC=C4C=CC=CC4=C3N2,C1(C2=CC=CC=C2)=NC3=NC=NN3C=C1,-4.55083244,-1.056618175,-6.467602574,-1.056618175,1.916770133,0,462,599,137,0.473400529,5.316331,0.488349224,5.177927,-0.175966,-0.070973,-4.788281212,-1.931274692,-5.528023121,-1.844606383,1
N#C/C(C1=CC(C(F)(F)F)=CC(C(F)(F)F)=C1)=C\C2=CC=C(C=C2)N(C3=CC=CC=C3)C4=CC=CC=C4,C1(N(C2=CC=CC=C2)C3=CC=CC=C3)=CC=CC=C1,N#CCC1=CC(C(F)(F)F)=CC(C(F)(F)F)=C1,-4.95601,-0.323543397,-7.873070737,-0.323543397,2.917060737,0,550,667,117,0.616226696,3.914423,0.631907005,3.669031,-0.193775,-0.088807,-5.272889035,-2.4165628,-5.386170093,-2.299662625,1
ClC(C=C1)=CC=C1/C(C#N)=C/C2=CC3=C(C=C2)N(C4=CC=CC=C4)C5=CC=CC=C53,C12=C(N(C3=CC=CC=C32)C4=CC=CC=C4)C=CC=C1,ClC1=CC=C(CC#N)C=C1,-5.340506905,-0.66994436,-6.919311606,-0.66994436,1.578804701,0,469,579,110,0.697,2.449333,0.735728334,1.898352,-0.201332,-0.07995,-5.478525585,-2.17555143,-5.482280758,-1.980445692,1
O=C1C2=C(C=CC=C2)C(/C1=C/C(S3)=CC=C3C(C=C4)=CC=C4/C(C5=CC=CC=C5)=C(C6=CC=CC=C6)/C7=CC=CC=C7)=C(C#N)/C#N,C1(/C(C2=CC=CC=C2)=C(C3=CC=CC=C3)/C4=CC=CC=C4)=CC=CC=C1,O=C1C2=C(/C(C1)=C(C#N)/C#N)C=CC=C2,-5.328263451,-1.217982085,-7.332652582,-1.427509387,2.004389131,0.209527302,545,662,117,0.432132281,8.248637,0.47127587,8.275727,-0.181749,-0.113234,-4.945644739,-3.081255668,-5.495614344,-3.115977414,1
C1=CC=C(C(=C2C3=CC=CC=C3OC3=CC=CC=C23)C2=CC=C(C3=CC=CC=C3)C=C2)C=C1,C12=CC=CC=C1OC3=CC=CC=C3C2,C1(CC2=CC=C(C=C2)C3=CC=CC=C3)=CC=CC=C1,-5.627314929,-0.323815511,-5.908952789,-0.323815511,0.28163786,0,430,582,152,0.793884435,0.540887,0.894938593,0.214272,-0.153826,-0.085562,-4.185820816,-2.328261807,-5.296154003,-1.314038313,1
O=C(/N=C(\C1=CC=C(N(C2=CC=CC=C2)C2=CC=CC=C2)C=C1)N(C(=O)C1=CC=CC=C1)C1=CC=CC=C1)C1=CC=CC=C1,C1(N(C2=CC=CC=C2)C3=CC=CC=C3)=CC=CC=C1,O=C(C1=CC=CC=C1)/N=C/N(C2=CC=CC=C2)C(C3=CC=CC=C3)=O,-4.95601,-0.323543397,-6.574815441,-0.323543397,1.618805441,0,438,540,102,0.494192627,4.5343,0.557435204,3.8876,-0.197208,-0.07635,-5.366305771,-2.07759039,-5.289623268,-1.710236239,0
N#C/C(C1=CC=C(C=C1)C2=CC=C(C=C2)N(C3=CC=CC=C3)C4=CC=CC=C4)=C\C5=CC=C(C=C5)C#N,C1(N(C2=CC=CC=C2)C3=CC=CC=C3)=CC=CC=C1,N#C/C=C\C1=CC=C(C#N)C=C1,-4.95601,-0.323543397,-7.075232856,-0.323543397,2.119222856,0,507,618,111,0.275038114,10.541882,0.423435886,9.097335,-0.186213,-0.102268,-5.067116428,-2.782855455,-5.150028807,-2.677057138,0
[CH3]CN1C([CH3])=CC(=C2C(=O)CC([CH3])([CH3])CC2=O)C=C1[CH3],CCN1C(C)=CCC=C1C,O=C(CC(C)(C1)C)CC1=O,-4.515991426,0.82668004,-6.663509161,-0.974437533,2.147517735,1.801117573,455,459,4,0.709958216,1.359352,0.598410477,1.991318,-0.102268,-0.038834,-2.782855455,-1.056727508,-5.137511565,-1.371998586,0
CC(N1CC2=CC=CC=C2)=C/C(C=C1C)=C3C(CC(C)(CC/3=O)C)=O,CC1=CCC=C(C)N1CC2=CC=CC=C2,O=C(CC(C)(C1)C)CC1=O,-4.526331729,-0.097688655,-6.663509161,-0.974437533,2.137177432,0.876748878,463,482,19,0.712613223,1.330071,0.594106663,2.064982,-0.181872,-0.03842,-4.948991741,-1.045461988,-5.164722961,-1.390230222,0
CC(N1C(C)C2=CC=CC=C2)=C/C(C=C1C)=C3C(CC(C)(CC/3=O)C)=O,CC1=CCC=C(C)N1C(C2=CC=CC=C2)C,O=C(CC(C)(C1)C)CC1=O,-4.581026491,-0.026394985,-6.663509161,-0.974437533,2.082482669,0.948042548,486,487,1,0.70684128,1.427276,0.595565866,2.083225,-0.181183,-0.036607,-4.930243086,-0.99612772,-5.123633753,-1.364107281,0
CC(N1CCC2=CC=CC=C2)=C/C(C=C1C)=C3C(CC(C)(CC/3=O)C)=O,CC1=CCC=C(C)N1CCC2=CC=CC=C2,O=C(CC(C)(C1)C)CC1=O,-4.581570718,-0.032381476,-6.663509161,-0.974437533,2.081938443,0.942056057,450,498,48,0.706896474,1.4945,0.59762827,2.11392,-0.181675,-0.038379,-4.943631095,-1.044346321,-5.13996059,-1.396760957,0
N1(CC)C([CH3])=CC(=C(C#N)C#N)C=C1[CH3],CCN1C(C)=CCC=C1C,N#CCC#N,-4.515991426,0.82668004,-8.471973792,-9.502738766,3.955982366,10.32941881,470,502,32,0.760326713,1.349318,0.712584843,2.058949,-0.184718,-0.042352,-5.026435385,-1.152457213,-5.396836169,-1.59077821,0
C1(OC)=CC=C(/C=N/C2=N/C3=CC=C(Cl)C=C3S2)C(O)=C1,COC1=CC=CC(O)=C1,NC1=NC2=CC=C(C=C2S1)Cl,-5.624308675,-0.274562265,-5.873034304,-0.620147578,0.248725628,0.345585313,516,537,21,0.734989105,1.644545,0.781258183,1.249121,-0.205382,-0.066617,-5.588731755,-1.812741834,-5.697849469,-2.036365119,1
CCCCCOC1=CC(N(C2=CC=CC=C2)C3=CC=CC=C3)=CC=C1/C=C(C#N)\C#N,CCCCCOC1=CC(N(C2=CC=CC=C2)C3=CC=CC=C3)=CC=C1,N#CCC#N,-4.887426006,-0.234561618,-8.471973792,-9.502738766,3.584547786,9.268177149,553,569,16,0.653081104,2.647426,0.602142326,3.487529,-0.202521,-0.095485,-5.510879939,-2.598280529,-5.514661513,-2.295825481,1
CCCCCCOC1=CC(N(C2=CC=CC=C2)C3=CC=CC=C3)=CC=C1/C=C(C#N)\C#N,CCCCCCOC1=CC(N(C2=CC=CC=C2)C3=CC=CC=C3)=CC=C1,N#CCC#N,-4.886337553,-0.233745278,-8.471973792,-9.502738766,3.585636239,9.268993488,565,571,6,0.653051402,2.646714,0.602131027,3.486652,-0.202451,-0.095406,-5.508975141,-2.596130828,-5.512756716,-2.293920683,1
C12=CC=CC=C1N=C(N2)C3=CC=C(/C(C4=CC=CC=C4)=C(C5=CC=CC=C5)/C6=CC=CC=C6)S3,C1(/C(C2=CC=CC=C2)=C(C3=CC=CC=C3)/C4=CC=CC=C4)=CC=CS1,C12=CC=CC=C1N=CN2,-5.201988918,-1.381518948,-6.079282022,-0.365992315,0.877293104,-1.015526633,521,551,30,0.809870585,0.890794,0.867394909,0.312112,-0.16802,-0.081259,-4.572059428,-2.211171153,-5.141049046,-1.804115555,1
CCN1C(/C=C/C2=CC=C(N(C3=CC=CC=C3)C4=CC=CC=C4)C=C2)=C/C(C=C1/C=C/C5=CC=C(N(C6=CC=CC=C6)C7=CC=CC=C7)C=C5)=C8C(C9=CC=CC=C9C/8=O)=O,CCN1C(/C=C/C2=CC=C(C=C2)N(C3=CC=CC=C3)C4=CC=CC=C4)=CCC=C1/C=C/C5=CC=C(C=C5)N(C6=CC=CC=C6)C7=CC=CC=C7,O=C1C2=CC=CC=C2C(C1)=O,-4.470004287,-1.11675276,-6.728,-2.202212497,2.257995713,1.085459737,611,681,70,0.649092535,2.290661,0.577999128,3.133395,-0.171473,-0.076091,-4.666020392,-2.070542637,-4.81505723,-1.954594862,1
N#C/C(C#N)=C(C1=CC=C(C=C1)N2C3=CC=CC=C3C4=CC=CC=C24)/C5=CC=C(C=C5)N6C7=CC=CC=C7C8=CC=CC=C68,C1(CC2=CC=C(N3C4=CC=CC=C4C5=CC=CC=C35)C=C2)=CC=C(N6C7=CC=CC=C7C8=CC=CC=C68)C=C1,N#CCC#N,-5.343759919,-0.704501193,-8.471973792,-9.502738766,3.128213873,8.798237573,560,582,22,0.397151976,4.959631,0.650256447,1.794888,-0.212112,-0.101226,-5.771864477,-2.754501176,-5.696434476,-2.830801942,1
O1C(/C=C/C2=CC=C(Cl)C=C2)=CC(=C(C#N)C#N)C=C1/C=C/C1=CC=C(Cl)C=C1,ClC(C=C1)=CC=C1/C=C/C2=CCC=C(/C=C/C3=CC=C(C=C3)Cl)O2,N#CCC#N,-5.486891486,-1.62560453,-8.471973792,-9.502738766,2.985082305,7.877134237,578,653,75,0.779772976,2.20499,0.785156533,2.456363,-0.210173,-0.114233,-5.719101572,-3.108439856,-5.98688896,-3.009335937,1
O=C(/C(C1=O)=C2C=C(/C=C/C3=CC=C(C#C[Si](C)(C)C)C=C3)N(C(C)(C)C)C(/C=C/C4=CC=C(C#C[Si](C)(C)C)C=C4)=C\2)C5=C1C=CC=C5,C[Si](C)(C)C#CC(C=C1)=CC=C1/C=C/C2=CCC=C(/C=C/C3=CC=C(C=C3)C#C[Si](C)(C)C)N2C(C)(C)C,O=C1C2=CC=CC=C2C(C1)=O,-5.070013994,-1.624243964,-6.728,-2.202212497,1.657986006,0.577968534,592,609,17,0.691321871,2.310927,0.589440188,3.374868,-0.182162,-0.087987,-4.956883047,-2.394249452,-5.166355645,-2.412562369,1
O=C(/C(C1=O)=C2C=C(/C=C/C3=CC=C(C#C[Si](C(C)(C)C)(C)C)C=C3)N(C(C)(C)C)C(/C=C/C4=CC=C(C#C[Si](C)(C)C(C)(C)C)C=C4)=C\2)C5=C1C=CC=C5,CC(C)(C)[Si](C)(C)C#CC(C=C1)=CC=C1/C=C/C2=CCC=C(/C=C/C3=CC=C(C=C3)C#C[Si](C)(C(C)(C)C)C)N2C(C)(C)C,O=C1C2=CC=CC=C2C(C1)=O,-5.079537958,-1.638121739,-6.728,-2.202212497,1.648462042,0.564090758,562,608,46,0.691070464,2.313523,0.589228961,3.378899,-0.182571,-0.088609,-4.968012509,-2.411174943,-5.173158494,-2.422086358,1
O=C1OC2=C(C=C1C3=CC=C(/C(C4=CC=CC=C4)=C(C5=CC=CC=C5)/C6=CC=CC=C6)C=C3)C=CC=C2,C1(/C(C2=CC=CC=C2)=C(C3=CC=CC=C3)/C4=CC=CC=C4)=CC=CC=C1,O=C1OC2=C(C=C1)C=CC=C2,-5.328249464,-1.217978888,-6.503234459,-1.888738038,1.174984995,0.670759151,445,495,50,0.506128211,6.055231,0.783761441,2.843643,-0.171286,-0.085787,-4.66093186,-2.334384372,-5.303665128,-1.986296143,1
O=C1OC2=C(C=CC(N(CC)CC)=C2)C=C1C(C=C3)=CC=C3/C(C4=CC=CC=C4)=C(C5=CC=CC=C5)\C6=CC=CC=C6,C1(/C(C2=CC=CC=C2)=C(C3=CC=CC=C3)/C4=CC=CC=C4)=CC=CC=C1,O=C1OC2=C(C=C1)C=CC(N(CC)CC)=C2,-5.328249464,-1.217978888,-5.375597169,-1.367913286,0.047347705,0.149934398,500,503,3,0.733155354,2.009889,0.856966322,0.893024,-0.160514,-0.071927,-4.36781066,-1.957234368,-5.014788906,-1.595866976,1
O=C(N/N=C/C1=CC=C(N(C2=CC=CC=C2)C2=CC=CC=C2)C=C1)C1=CC=C(Cl)C=C1,C1(N(C2=CC=CC=C2)C3=CC=CC=C3)=CC=CC=C1,O=C(C1=CC=C(C=C1)Cl)NN,-4.955998544,-0.323542649,-6.946251525,-1.371998284,1.990252981,1.048455635,461,483,22,0.580626438,4.36039,0.430863913,6.142999,-0.183064,-0.055484,-4.98142773,-1.509797318,-5.142029412,-1.600302434,1
O=C(CC(=O)C1=CC=C(C(=C(C2=CC=CC=C2)C2=CC=CC=C2)C2=CC=CC=C2)C=C1)C1=CC=CO1,C1(/C(C2=CC=CC=C2)=C(C3=CC=CC=C3)/C4=CC=CC=C4)=CC=CC=C1,O=C(C1=CC=CO1)CC=O,-5.328249464,-1.217978888,-6.804463822,-1.850642184,1.476214358,0.632663296,516,553,37,0.665196692,3.02024,0.857584853,0.760736,-0.184042,-0.090965,-5.008040479,-2.475285001,-5.590010691,-1.889858941,1
O=C(CC(=O)C1=CC=C(C(=C(C2=CC=CC=C2)C2=CC=CC=C2)C2=CC=CC=C2)C=C1)C1=CC=CS1,C1(/C(C2=CC=CC=C2)=C(C3=CC=CC=C3)/C4=CC=CC=C4)=CC=CC=C1,O=C(C1=CC=CS1)CC=O,-5.328249464,-1.217978888,-6.862423943,-2.085748028,1.534174479,0.867769141,493,547,54,0.659675904,3.113538,0.857318651,0.766057,-0.184031,-0.090912,-5.007741153,-2.473842797,-5.596786329,-1.902403397,1
C1=C/C2=C\C=C3\C=CC=C4/C3=C2/C(=C/1)C1=C4N(C2=CC=CC=C2)C(C2=CC=C(C3=CC=C(C(=C(C4=CC=CC=C4)C4=CC=CC=C4)C4=CC=CC=C4)C=C3)C=C2)=N1,C1(/C(C2=CC=CC=C2)=C(C3=CC=CC=C3)/C4=CC=CC=C4)=CC=CC=C1,C12=CC=C3C=CC=C4C3=C1C(C5=C4N(C=N5)C6=CC=CC=C6)=CC=C2,-5.328249464,-1.217978888,-5.116273246,-1.296619616,-0.211976218,0.078640728,461,499,38,0.62178889,7.471685,0.850965685,0.895598,-0.167485,-0.077908,-4.557501329,-2.119985751,-4.96199879,-1.483837642,1
C1(/C(C2=CC=C(C=C2)C3=CC=C(C=C3)C4=NC5=C6C=CC=CC6=C7C=CC=CC7=C5N4C8=CC=CC=C8)=C(C9=CC=CC=C9)/C%10=CC=CC=C%10)=CC=CC=C1,C1(/C(C2=CC=CC=C2)=C(C3=CC=CC=C3)/C4=CC=CC=C4)=CC=CC=C1,C12=C3C=CC=CC3=C4C=CC=CC4=C1N(C5=CC=CC=C5)C=N2,-5.328249464,-1.217978888,-5.3824,-0.876204651,0.054150536,-0.341774237,406,426,20,0.680238383,5.723357,0.864736631,0.226394,-0.167691,-0.077742,-4.563106877,-2.115468659,-5.092259762,-1.461905254,1
N#CC(C=C1)=CC=C1N2C3=C4C=CC=CC4=C5C=CC=CC5=C3N=C2C(C=C6)=CC=C6C(C=C7)=CC=C7/C(C8=CC=CC=C8)=C(C9=CC=CC=C9)\C%10=CC=CC=C%10,C1(/C(C2=CC=CC=C2)=C(C3=CC=CC=C3)/C4=CC=CC=C4)=CC=CC=C1,N#CC1=CC=C(N2C3=C4C=CC=CC4=C5C=CC=CC5=C3N=C2)C=C1,-5.328249464,-1.217978888,-5.679547664,-1.950235632,0.3512982,0.732256744,401,424,23,0.219517202,6.099489,0.825261683,1.874798,-0.171372,-0.082641,-4.663272041,-2.248777307,-5.266467145,-1.964799137,1
FC1=C\C=C2\N=C(C3=CC=C(C4=CC=C(N(C5=CC=CC=C5)C5=CC=CC=C5)C=C4)C=C3)S\C2=C\1,C1(N(C2=CC=CC=C2)C3=CC=CC=C3)=CC=CC=C1,FC1=CC=C2N=CSC2=C1,-4.955998544,-0.323542649,-6.533983256,-1.091718342,1.577984712,0.768175693,491,463,28,0.459555602,7.365238,0.579924054,5.857292,-0.178469,-0.055939,-4.856391347,-1.522178505,-5.037646482,-1.736903662,0
C1(/C(C2=CC=CC=C2)=C/N3C(C=CC=C4)=C4SC5=C3C=CC=C5)=CC=CC=C1,C1(NC(C=CC=C2)=C2S3)=C3C=CC=C1,C1(CC2=CC=CC=C2)=CC=CC=C1,-4.680892053,-0.454701234,-6.295612053,-0.074559029,1.61472,-0.380142204,507,510,3,0.44800467,3.498936,0.725322002,1.360414,-0.167577,-0.04611,-4.560004778,-1.254717654,-4.928800882,-1.105054954,1
FC(C(C=C1)=CC2=C1SC(C=CC=C3)=C3N2/C=C(C4=CC=CC=C4)/C5=CC=CC=C5)(F)F,FC(F)(F)C1=CC2=C(SC3=C(N2)C=CC=C3)C=C1,C1(CC2=CC=CC=C2)=CC=CC=C1,-5.30947365,-0.95239636,-6.295612053,-0.074559029,0.986138402,-0.877837331,475,479,4,0.421441979,3.563685,0.737424905,1.111458,-0.174774,-0.051724,-4.755845224,-1.407482454,-5.181866902,-1.248459032,1
CC(C1=C2C=CC=C1)(C)C3=C(C=CC=C3)N2C(C=C4)=CC=C4C5=CC(C6=CC=CC=C6O5)=O,CC(C)(C1=C(N2)C=CC=C1)C3=C2C=CC=C3,O=C1C=COC2=CC=CC=C12,-4.891779818,-0.080273407,-6.577249262,-1.514582326,1.685469444,1.434308918,513,514,1,0.106021923,6.737034,0.50975287,4.873433,-0.189064,-0.068356,-5.14469613,-1.860062458,-5.029428639,-1.993860912,1
C12=CC=CC=C1C=C3C(C=CC=C3)=C2C4=NC(C5=CC=CC=C5)=C(C6=CC=CC=C6)N4,C12=CC=CC=C1C=C3C(C=CC=C3)=C2,C(N=CN1)(C2=CC=CC=C2)=C1C3=CC=CC=C3,-5.239268433,-1.648462042,-5.392740303,-0.830489626,0.153471871,-0.817972417,474,497,23,0.752272848,2.093484,0.801035547,1.681615,-0.170878,-0.072302,-4.649829609,-1.967438643,-5.087116807,-1.829340788,0
N#CC(C=C1)=CC=C1C2=NN3C(C4=CC=C(N5CCCCC5)C=C4)=CC=NC3=N2,C1(N2CCCCC2)=CC=CC=C1,N#CC1=CC=C(C2=NN3C=CC=NC3=N2)C=C1,-4.96987632,0.270208453,-6.788137027,-2.297724247,1.818260708,2.5679327,567,518,49,0.511737966,4.390333,0.558244506,4.002186,-0.199955,-0.067194,-5.441055487,-1.828442812,-5.566663309,-2.044147579,0
FC(C1=CC(C2=NN3C(C4=CC=CC=C4)=CC=NC3=N2)=CC(C(F)(F)F)=C1)(F)F,C1=CC=CC=C1,FC(F)(F)C1=CC(C2=NN3C=CC=NC3=N2)=CC(C(F)(F)F)=C1,-6.71793181,0.071565784,-7.021610192,-2.250376542,0.303678382,2.321942326,407,397,10,0.715086204,0.407126,0.734471272,0.166339,-0.243862,-0.084434,-6.635826427,-2.297567348,-6.834958447,-2.335554119,0
CC(C=C1)=CC=C1C2=CC=NC3=NC(C4=CC(C(F)(F)F)=CC(C(F)(F)F)=C4)=NN23,CC1=CC=CC=C1,FC(F)(F)C1=CC(C2=NN3C=CC=NC3=N2)=CC(C(F)(F)F)=C1,-6.411804408,0.122178847,-7.021610192,-2.250376542,0.609805784,2.372555389,404,396,8,0.700908093,0.989816,0.733771839,0.148638,-0.238975,-0.081226,-6.502844315,-2.210273176,-6.675499667,-2.268886198,0
CN(C1=CC=C(C2=NN3C(C4=CC(C(F)(F)F)=CC(C(F)(F)F)=C4)=CC=NC3=N2)C=C1)C,CN(C1=CC=CC=C1)C,FC(F)(F)C1=CC(C(F)(F)F)=CC(C2=CC=NC3=NC=NN23)=C1,-5.024026855,0.34041367,-7.076032841,-2.603579535,2.052005986,2.943993205,539,588,49,0.331805951,6.521536,0.374889652,6.066317,-0.188464,-0.081097,-5.12836929,-2.206762906,-5.15710377,-2.335009891,0
FC(C1=CC(C(F)(F)F)=CC(C2=CC=NC3=NC(C4=CC=CC=C4)=NN23)=C1)(F)F,C1=CC=CC=C1,FC(F)(F)C1=CC(C(F)(F)F)=CC(C2=CC=NC3=NC=NN23)=C1,-6.71793181,0.071565784,-7.076032841,-2.603579535,0.358101031,2.675145319,409,419,10,0.437072585,4.492642,0.465081585,4.14764,-0.242431,-0.091945,-6.596886913,-2.501952173,-6.475223792,-2.553789515,0
CN(C)C(C=C1)=CC=C1C2=NN3C(C4=CC=C(Cl)C=C4)=CC=NC3=N2,CN(C1=CC=CC=C1)C,ClC(C=C1)=CC=C1C2=CC=NC3=NC=NN23,-5.024026855,0.34041367,-6.675482144,-2.248743862,1.651455288,2.589157533,522,565,43,0.346710706,6.39262,0.380088476,5.982308,-0.185602,-0.070288,-5.050490263,-1.912634883,-5.078190722,-1.995139555,0
CN(C)C(C=C1)=CC=C1C2=CC=NC3=NC(C4=CC=C(C#N)C=C4)=NN23,CN(C1=CC=CC=C1)C,N#CC(C=C1)=CC=C1C2=NN3C=CC=NC3=N2,-5.024026855,0.34041367,-6.788137027,-2.297724247,1.764110172,2.638137917,584,523,61,0.514171116,4.230363,0.576151547,3.688975,-0.20486,-0.069166,-5.574527404,-1.882103692,-5.643371416,-2.036500877,0
CN(C)C(C=C1)=CC=C1C2=CC=NC3=NC(C4=CC(C(F)(F)F)=CC(C(F)(F)F)=C4)=NN23,CN(C1=CC=CC=C1)C,FC(F)(F)C1=CC(C(F)(F)F)=CC(C2=NN3C=CC=NC3=N2)=C1,-5.024026855,0.34041367,-7.021610192,-2.250376542,1.997583337,2.590790212,620,563,56,0.543425952,3.734271,0.633675638,2.680064,-0.203479,-0.063337,-5.536948461,-1.723488442,-5.630309946,-1.980445401,0
CC(C=C1)=CC=C1C2=NN3C(C4=CC(C(F)(F)F)=CC(C(F)(F)F)=C4)=CC=NC3=N2,CC1=CC=CC=C1,FC(F)(F)C1=CC(C(F)(F)F)=CC(C2=CC=NC3=NC=NN23)=C1,-6.411804408,0.122178847,-7.076032841,-2.603579535,0.664228433,2.725758382,414,430,16,0.415681467,4.878573,0.445054766,4.521968,-0.235062,-0.090455,-6.396366107,-2.461407187,-6.264335473,-2.514060876,0
COC1=CC(N(C2=CC=CC=C2)C3=CC=CC=C3)=CC=C1/C=C(C#N)/C(O)=O,COC1=CC(N(C2=CC=CC=C2)C3=CC=CC=C3)=CC=C1,N#CCC(O)=O,-4.911371972,-0.25823547,-8.303535693,-0.500688372,3.392163721,0.242452902,617,560,57,0.646282607,2.80132,0.595770318,3.562921,-0.200575,-0.092636,-5.457926555,-2.52075525,-5.390006901,-2.109291671,0
N#C/C(C#N)=C/C(C=C1)=CC=C1N(C2=CC=C(OC)C=C2)C3=CC=CC=C3,COC1=CC(N(C2=CC=CC=C2)C3=CC=CC=C3)=CC=C1,N#CCC#N,-4.911371972,-0.25823547,-8.471973792,-9.502738766,3.56060182,9.244503296,581,565,16,0.59301072,3.672453,0.585974711,3.904038,-0.196665,-0.095719,-5.351529981,-2.604647997,-5.47395407,-2.420154705,0
O=C(/C(C#N)=C/C(C(OC)=C1)=CC=C1N(C2=CC=CC=C2)C3=CC=CC=C3)OCC,COC1=CC(N(C2=CC=CC=C2)C3=CC=CC=C3)=CC=C1,O=C(OCC)CC#N,-4.911371972,-0.25823547,-7.915502204,-0.263949848,3.004130233,0.005714378,533,504,29,0.640145034,3.004364,0.632313223,3.110794,-0.196962,-0.083752,-5.359611767,-2.279009173,-5.312944216,-1.940118397,0
CN(C)C(C=C1)=CC=C1N2N=C(C3=CC=CC=C3)C(C(C4=CC=CC=C4)=O)=N2,CN(C1=CC=CC=C1)C,O=C(C1=CC=CC=C1)C2=NNN=C2C3=CC=CC=C3,-5.024026855,0.34041367,-6.427586977,-1.776899494,1.403560121,2.117313165,504,514,10,0.28452621,6.78067,0.384354164,5.803771,-0.185379,-0.057913,-5.044422121,-1.575893808,-5.124532482,-1.627922005,1
O=C(C1=CC=C(Br)C=C1)C2=NN(C3=CC=C(N(C4=CC=CC=C4)C5=CC=CC=C5)C=C3)N=C2C6=CC=CC=C6,C1(N(C2=CC=CC=C2)C3=CC=CC=C3)=CC=CC=C1,O=C(C1=NNN=C1C2=CC=CC=C2)C3=CC=C(C=C3)Br,-4.955998544,-0.323542649,-6.540513974,-2.010100546,1.58451543,1.686557897,478,499,21,0.229953633,8.686784,0.303929891,8.074911,-0.184524,-0.072845,-5.021156374,-1.982214433,-5.10777026,-1.959656182,1
O=C(C1=CC=C(F)C=C1)C2=NN(C3=CC=C(N(C4=CC=CC=C4)C5=CC=CC=C5)C=C3)N=C2C6=CC=CC=C6,C1(N(C2=CC=CC=C2)C3=CC=CC=C3)=CC=CC=C1,O=C(C1=NNN=C1C2=CC=CC=C2)C3=CC=C(C=C3)F,-4.955998544,-0.323542649,-6.495887401,-1.902615814,1.539888857,1.579073165,464,487,23,0.254879984,8.383404,0.329009917,7.769242,-0.183678,-0.066433,-4.998135529,-1.807734936,-5.08619162,-1.788006671,1
O=C(C1=CC=CC=C1)C2=NN(C3=CC=C(N(C4=CC=CC=C4)C5=CC=CC=C5)C=C3)N=C2C6=CC=CC=C6,C1(N(C2=CC=CC=C2)C3=CC=CC=C3)=CC=CC=C1,O=C(C1=NNN=C1C2=CC=CC=C2)C3=CC=CC=C3,-4.955998544,-0.323542649,-6.427586977,-1.776899494,1.471588433,1.453356845,457,492,35,0.250263323,8.412929,0.325836028,7.782465,-0.182542,-0.065383,-4.967223379,-1.779162966,-5.055061778,-1.74950254,0
COC(C=C1)=CC=C1N(C2=CC=C(C=O)C=C2)C3=CC=CC=C3,COC1=CC=C(NC2=CC=CC=C2)C=C1,O=CC1=CC=CC=C1,-4.834104499,-0.067212148,-6.944348259,-1.72683519,2.11024376,1.659623042,457,502,45,0.598573851,3.336799,0.585824066,3.399833,-0.186632,-0.054489,-5.078518005,-1.482721975,-5.175009629,-1.384597666,1
CC1=CC=C(C(C(O/2)=O)=C(C3=CC=C(C=C3)C#N)C2=C\C4=CC=C(N(C5=CC=CC=C5)C6=CC=CC=C6)C=C4)C=C1,C1(N(C2=CC=CC=C2)C3=CC=CC=C3)=CC=CC=C1,CC1=CC=C(C2=C(C3=CC=C(C=C3)C#N)COC2=O)C=C1,-4.955998544,-0.323542649,-6.38758633,-2.465618119,1.431587786,2.14207547,614,648,34,0.571545435,4.898065,0.638562858,4.075745,-0.182917,-0.101539,-4.977427654,-2.763018345,-5.072803611,-2.480564013,1
CC1=CC=C(C(C(O/2)=O)=C(C3=CC=C(C=C3)C#N)C2=C\C4=CC=C(N5N=CC=C5)C=C4)C=C1,C1(N2N=CC=C2)=CC=CC=C1,CC1=CC=C(C2=C(C3=CC=C(C=C3)C#N)COC2=O)C=C1,-6.096438919,-0.61824269,-6.38758633,-2.465618119,0.29114741,1.847375429,503,506,3,0.741027415,1.891361,0.764310958,1.324995,-0.203789,-0.108455,-5.545383995,-2.951212387,-5.700761089,-2.677057532,0
CC1=CC=C(C=C1)C(C(O/C2=C\C3=CC=C(C=C3)N4CCCC4)=O)=C2C5=CC=C(C#N)C=C5,C1(N2CCCC2)=CC=CC=C1,CC1=CC=C(C2=C(C3=CC=C(C=C3)C#N)COC2=O)C=C1,-4.856132983,0.407897755,-6.38758633,-2.465618119,1.531453347,2.873515875,629,633,4,0.633619383,3.309194,0.705841412,2.119739,-0.17886,-0.08976,-4.867031004,-2.442495264,-4.985727131,-2.279798303,1
CC1=CC=C(C(C(O/2)=O)=C(C3=CC=C(C=C3)C#N)C2=C\C4=CC=C(N5CCN(C)CC5)C=C4)C=C1,CN(CC1)CCN1C2=CC=CC=C2,CC1=CC=C(C2=C(C3=CC=C(C=C3)C#N)COC2=O)C=C1,-5.251525384,0.196738321,-6.38758633,-2.465618119,1.136060945,2.66235644,592,595,3,0.645654726,3.269178,0.70476222,2.188658,-0.178134,-0.089557,-4.847275528,-2.43697135,-5.173567425,-2.388643903,0
CC1=CC=C(C(C(O/2)=O)=C(C3=CC=C(C=C3)C#N)C2=C\C4=CC=C(N5CCOCC5)C=C4)C=C1,C1(N2CCOCC2)=CC=CC=C1,CC1=CC=C(C2=C(C3=CC=C(C=C3)C#N)COC2=O)C=C1,-5.375597169,0.099865561,-6.38758633,-2.465618119,1.011989161,2.56548368,603,604,1,0.655776142,3.142395,0.70210081,2.133706,-0.182443,-0.092754,-4.96452945,-2.523966196,-5.264834461,-2.442903435,0
CC1=CC=C(C(C(O/2)=O)=C(C3=CC=C(C=C3)C#N)C2=C\C4=CC=C(N(C)C)C=C4)C=C1,CN(C)C1=CC=CC=C1,CC1=CC=C(C2=C(C3=CC=C(C=C3)C#N)COC2=O)C=C1,-5.024026855,0.34041367,-6.38758633,-2.465618119,1.363559474,2.80603179,624,626,2,0.639727418,3.231187,0.707690645,2.074527,-0.180728,-0.091037,-4.917861899,-2.477244222,-5.05489851,-2.314220724,0
CC1=CC=C(C(C(O/2)=O)=C(C3=CC=C(C=C3)C#N)C2=C\C4=CC=CC=C4N5CCOCC5)C=C1,C1(N2CCOCC2)=CC=CC=C1,CC1=CC=C(C2=C(C3=CC=C(C=C3)C#N)COC2=O)C=C1,-5.375597169,0.099865561,-6.38758633,-2.465618119,1.011989161,2.56548368,586,586,0,0.463058061,3.650903,0.663226628,2.07976,-0.186195,-0.098323,-5.066626623,-2.675506482,-5.254358072,-2.539748808,1
O=C(O/C1=C\C2=CC=CC=C2N3CCOCC3)C(C4=CC=C(OC)C=C4)=C1C5=CC=C(S(=O)(C)=O)C=C5,C1(N2CCOCC2)=CC=CC=C1,O=C1OCC(C2=CC=C(C=C2)S(=O)(C)=O)=C1C3=CC=C(C=C3)OC,-5.375597169,0.099865561,-6.028396845,-2.27785998,0.652799676,2.377725541,550,585,35,0.505307378,3.165812,0.670507275,1.868123,-0.186508,-0.100488,-5.075143791,-2.734419163,-5.171417724,-2.407610249,1
O=C(C(C1=CC=C(C=C1)OC)=C/2C3=CC=C(C=C3)S(=O)(C)=O)OC2=C/C4=CC=CC=C4N5CCCC5,C1(N2CCCC2)=CC=CC=C1,O=C1OCC(C2=CC=C(C=C2)S(=O)(C)=O)=C1C3=CC=C(C=C3)OC,-4.856132983,0.407897755,-6.028396845,-2.27785998,1.172263862,2.685757735,588,589,1,0.492287421,2.81868,0.67671501,0.940485,-0.18679,-0.10148,-5.082817406,-2.761412872,-5.363475786,-2.337377626,1
O=C(C(C1=CC=C(C=C1)OC)=C/2C3=CC=C(C=C3)S(=O)(C)=O)OC2=C/C4=CC=C(N5CCCC5)C=C4,C1(N2CCCC2)=CC=CC=C1,O=C1OCC(C2=CC=C(C=C2)S(=O)(C)=O)=C1C3=CC=C(C=C3)OC,-4.856132983,0.407897755,-6.028396845,-2.27785998,1.172263862,2.685757735,688,690,2,0.664121879,2.41598,0.723466625,1.324066,-0.179126,-0.094567,-4.874269236,-2.573300464,-5.077157435,-2.221348216,0
O=C(C(C1=CC=C(C=C1)OC)=C/2C3=CC=C(C=C3)S(=O)(C)=O)OC2=C/C4=CC=C(N5CCOCC5)C=C4,C1(N2CCOCC2)=CC=CC=C1,O=C1OCC(C2=CC=C(C=C2)S(=O)(C)=O)=C1C3=CC=C(C=C3)OC,-5.375597169,0.099865561,-6.028396845,-2.27785998,0.652799676,2.377725541,684,686,2,0.691951518,1.868903,0.725747825,1.304854,-0.182043,-0.096472,-4.95364489,-2.625138181,-5.364863567,-2.379609719,0
O=C(C(C1=CC=C(C=C1)OC)=C/2C3=CC=C(C=C3)S(=O)(C)=O)OC2=C/C4=CC=C(N5CCN(C)CC5)C=C4,CN(CC1)CCN1C2=CC=CC=C2,O=C1OCC(C2=CC=C(C=C2)S(=O)(C)=O)=C1C3=CC=C(C=C3)OC,-5.251525384,0.196738321,-6.028396845,-2.27785998,0.776871461,2.474598301,616,617,1,0.676989869,2.160335,0.73005894,1.452828,-0.182055,-0.091379,-4.953971427,-2.486550521,-5.307257033,-2.326901237,1
O=C(C(C1=CC=C(C=C1)OC)=C/2C3=CC=C(C=C3)S(=O)(C)=O)OC2=C/C4=CC=C(N(C)C)C=C4,CN(C)C1=CC=CC=C1,O=C1OCC(C2=CC=C(C=C2)S(=O)(C)=O)=C1C3=CC=C(C=C3)OC,-5.024026855,0.34041367,-6.028396845,-2.27785998,1.00436999,2.61827365,622,625,3,0.673634692,2.226739,0.736227013,1.393211,-0.183186,-0.091432,-4.98474752,-2.487992725,-5.172778294,-2.259498599,0
O=C(O/C1=C\C2=CC=CC=C2N3CCCCC3)C(C4=CC=C(C)C=C4)=C1C5=CC=C(C#N)C=C5,C1(N2CCCCC2)=CC=CC=C1,CC1=CC=C(C2=C(C3=CC=C(C=C3)C#N)COC2=O)C=C1,-4.96987632,0.270208453,-6.38758633,-2.465618119,1.41771001,2.735826572,560,610,50,0.473053222,3.611357,0.663728952,2.08375,-0.182916,-0.095583,-4.977400442,-2.600947246,-5.131825137,-2.475638749,1
O=C(C(C1=CC=C(C=C1)C)=C/2C3=CC=C(C=C3)C#N)OC2=C/C4=CC=C(N5CCCCC5)C=C4,C1(N2CCCCC2)=CC=CC=C1,CC1=CC=C(C2=C(C3=CC=C(C=C3)C#N)COC2=O)C=C1,-4.96987632,0.270208453,-6.38758633,-2.465618119,1.41771001,2.735826572,606,652,46,0.61018665,3.25737,0.716957939,1.571665,-0.177365,-0.093581,-4.826349961,-2.546470023,-5.128505347,-2.347609112,0
O=C(C1=CC=NC=C1)N/N=C/C2=CC3=C(C=C2)N(CC)C4=CC=CC=C4S3,CCN(C1=CC=CC=C1S2)C3=C2C=CC=C3,O=C(N)C1=CC=NC=C1,-4.866201173,-0.417693832,-7.013991021,-1.560841577,2.147789848,1.143147745,480,535,55,0.495630238,4.791906,0.358150018,6.29672,-0.176521,-0.065198,-4.803383539,-1.774128857,-5.109729481,-1.714916851,1
CN1C2=CC=CC=C2C3=NC4=CC(N5C6=CC=CC=C6C7=CC=CC=C57)=CC=C4N=C13,C12=CC=CC=C1C3=CC=CC=C3N2,CN1C2=CC=CC=C2C3=NC4=CC=CC=C4N=C13,-5.458878152,-0.663958062,-5.671943382,-1.888198768,0.213065231,1.224240706,510,514,4,0.399227689,5.402506,0.613337505,3.268397,-0.190206,-0.06499,-5.175771548,-1.768468886,-5.259555449,-2.091794741,1
CN1C2=CC=CC=C2C3=NC4=CC(N5C6=CC=CC=C6C7=CC=CC=C57)=CN=C4N=C13,C12=CC=CC=C1C3=CC=CC=C3N2,CN1C2=CC=CC=C2C3=NC4=CC=CN=C4N=C13,-5.458878152,-0.663958062,-5.910587325,-2.125754256,0.451709174,1.461796193,539,542,3,0.39151368,5.292635,0.593516749,3.360539,-0.197224,-0.073122,-5.366741154,-1.989751991,-5.394932164,-2.305594711,0
O=C1C=C(OC2=CC=CC=C12)C3=CC=C(C=C3)N4C5=CC=CC=C5OC6=CC=CC=C46,C12=CC=CC=C1OC3=CC=CC=C3N2,O=C1C=COC2=CC=CC=C12,-4.691516784,-0.244902564,-6.577266527,-1.514586301,1.885749743,1.269683737,562,569,7,0.140311916,6.845702,0.484313823,5.217329,-0.18056,-0.069205,-4.913290384,-1.883164937,-4.795056851,-2.054950505,1
O=C1C=C(OC2=CC=CC=C12)C3=CC=C(C=C3)N(C4=CC=CC=C4)C5=CC=CC=C5,C1(N(C2=CC=CC=C2)C3=CC=CC=C3)=CC=CC=C1,O=C1C=COC2=CC=CC=C12,-4.956011553,-0.323543498,-6.577266527,-1.514586301,1.621254974,1.191042803,455,459,4,0.550309546,4.667152,0.590878813,4.103281,-0.18874,-0.064253,-5.135879636,-1.748414084,-5.242221787,-1.667269689,0
OC1=CC=C(OC)C=C1/C=N/C(C=C2)=CC=C2C(O)=O,OC1=CC=C(C=C1)OC,OC(C1=CC=CC=C1)=O,-5.362005582,-0.007891305,-7.093738823,-1.313766199,1.731733241,1.305874894,591,593,2,0.618715908,2.983933,0.656801197,2.520444,-0.213911,-0.086062,-5.820817785,-2.341867507,-5.574581827,-2.107767833,1
OC1=CC=C(OC)C=C1/C=N/C2=CC=CC(C(O)=O)=C2,OC1=CC=C(C=C1)OC,OC(C1=CC=CC=C1)=O,-5.362005582,-0.007891305,-7.093738823,-1.313766199,1.731733241,1.305874894,567,562,5,0.652437062,2.175615,0.685659703,1.784305,-0.209896,-0.073619,-5.711564014,-2.003276057,-5.512458201,-1.887763664,1
OC1=C(OC)C=CC=C1/C=N/C(C=C2)=CC=C2C(O)=O,OC1=C(C=CC=C1)OC,OC(C1=CC=CC=C1)=O,-5.459150266,-0.317284877,-7.093738823,-1.313766199,1.634588558,0.996481322,581,582,1,0.540391934,3.572758,0.582083682,3.15028,-0.2173,-0.084264,-5.91303722,-2.29294141,-5.655263628,-2.03307254,1
OC1=C(OC)C=CC=C1/C=N/C2=CC=CC(C(O)=O)=C2,OC1=C(C=CC=C1)OC,OC(C1=CC=CC=C1)=O,-5.459150266,-0.317284877,-7.093738823,-1.313766199,1.634588558,0.996481322,568,571,3,0.580726948,2.737998,0.62129199,2.329595,-0.213689,-0.07158,-5.814776855,-1.947792012,-5.598119688,-1.801122566,1
OC1=CC(OC)=CC=C1/C=N/C(C=C2)=CC=C2C(O)=O,OC1=CC(OC)=CC=C1,OC(C1=CC=CC=C1)=O,-5.788952385,0.191568228,-7.093738823,-1.313766199,1.304786438,1.505334427,534,533,1,0.688513521,1.830411,0.760390561,0.853483,-0.219999,-0.080904,-5.986480789,-2.201511106,-5.88873744,-1.95222747,1
OC1=CC(OC)=CC=C1/C=N/C2=CC=CC(C(O)=O)=C2,OC1=CC(OC)=CC=C1,OC(C1=CC=CC=C1)=O,-5.788952385,0.191568228,-7.093738823,-1.313766199,1.304786438,1.505334427,538,543,5,0.707118789,1.112695,0.778217159,0.304514,-0.215609,-0.067973,-5.867022743,-1.849640492,-5.824083153,-1.707352082,1
N#C/C(C#N)=C\C1=CC=C(C=C1)/C(C2=CC=CC=C2)=C(C3=CC=CC=C3)/C4=CC=CC=C4,C1(/C(C2=CC=CC=C2)=C(C3=CC=CC=C3)/C4=CC=CC=C4)=CC=CC=C1,N#CCC#N,-5.328263451,-1.217982085,-8.471996031,-9.502763711,3.14373258,8.284781626,564,565,1,0.519594373,4.635797,0.768316869,2.130309,-0.192243,-0.110842,-5.23120117,-3.016165999,-5.76492557,-2.808298114,1
COC1=CC=C(C=C1)C(C2=CC=CC=C2)=C(C3=CC=C(C=C3)/C=C(C#N)\C#N)C4=CC=CC=C4,COC1=CC=C(C(C2=CC=CC=C2)=C(C3=CC=CC=C3)C4=CC=CC=C4)C=C1,N#CCC#N,-5.116014562,-1.129545048,-8.471996031,-9.502763711,3.355981469,8.373218663,603,608,5,0.479299207,5.658482,0.757108614,2.324633,-0.187597,-0.108147,-5.104777006,-2.942831276,-5.532839539,-2.750501101,1
N#C/C(C#N)=C\C1=CC=C(C=C1)/C(C2=CC=CC=C2)=C(C3=CC=C(C=C3)OC)/C4=CC=C(C=C4)OC,COC(C=C1)=CC=C1/C(C2=CC=C(OC)C=C2)=C(C3=CC=CC=C3)/C4=CC=CC=C4,N#CCC#N,-4.96880091,-1.035937846,-8.471996031,-9.502763711,3.503195121,8.466825865,628,631,3,0.487072405,5.026882,0.749204353,2.164197,-0.183487,-0.104505,-4.992938152,-2.843727357,-5.375476013,-2.707398243,1
COC1=CC=C(C=C1)/C(C2=CC=C(C=C2)/C=C(C#N)\C#N)=C(C3=CC=C(C=C3)OC)/C4=CC=C(C=C4)OC,COC1=CC=C(/C(C2=CC=CC=C2)=C(C3=CC=C(OC)C=C3)/C4=CC=C(OC)C=C4)C=C1,N#CCC#N,-4.814784408,-0.948861379,-8.471996031,-9.502763711,3.657211622,8.553902333,645,643,2,0.463217513,5.135671,0.731656197,2.553967,-0.178573,-0.10289,-4.859221332,-2.799780946,-5.220534301,-2.675941865,1
N#C/C(C#N)=C\C1=CC=CC(/C(C2=CC=CC=C2)=C(C3=CC=C(C=C3)OC)/C4=CC=C(C=C4)OC)=C1,COC(C=C1)=CC=C1/C(C2=CC=C(OC)C=C2)=C(C3=CC=CC=C3)/C4=CC=CC=C4,N#CCC#N,-4.96880091,-1.035937846,-8.471996031,-9.502763711,3.503195121,8.466825865,595,599,4,0.266439091,5.561215,0.315180338,4.849712,-0.179512,-0.099432,-4.884772837,-2.705683925,-5.36317646,-2.676676572,1
CN1C2=CC=C(C)C=C2C3=NC4=CC(C(C5=CC=CC=C5)=O)=CC=C4N=C13,CN1C2=CC=C(C=C2C3=NC4=CC=CC=C4N=C13)C,O=CC1=CC=CC=C1,-5.556567063,-1.846565333,-6.944348259,-1.72683519,1.387781196,-0.119730142,537,536,1,0.683242183,2.022717,0.677577845,2.543831,-0.21076,-0.073847,-5.735074664,-2.009480256,-5.764816724,-2.11976806,1
CN1C2=CC=C(Br)C=C2C3=NC4=CC(C(C5=CC=CC=C5)=O)=CC=C4N=C13,CN1C2=CC=C(C=C2C3=NC4=CC=CC=C4N=C13)Br,O=CC1=CC=CC=C1,-5.781333194,-2.025344204,-6.944348259,-1.72683519,1.163015065,-0.298509014,614,616,2,0.671733068,1.935603,0.683237144,2.27607,-0.218051,-0.08148,-5.933472981,-2.217184872,-5.967405597,-2.34600364,0
